iso_time,week_monday,user_id,type,is_reply,reply_to_user_id
2026-06-20T01:10:30+00:00,2026-06-15,7545589531,video,0,
2026-06-20T13:53:11+00:00,2026-06-15,7845818180,video,0,
2026-06-20T13:53:46+00:00,2026-06-15,7845818180,text,1,7545589531
2026-06-20T13:55:13+00:00,2026-06-15,7845818180,video,1,7508017555
2026-06-20T13:55:21+00:00,2026-06-15,7845818180,video,0,
2026-06-20T15:00:04+00:00,2026-06-15,7845818180,video,1,7508017555
2026-06-20T15:02:03+00:00,2026-06-15,7508017555,video,0,
2026-06-20T15:02:06+00:00,2026-06-15,7508017555,text,0,
2026-06-20T18:35:11+00:00,2026-06-15,7374881586,video,0,
2026-06-20T18:37:45+00:00,2026-06-15,7374881586,video,1,7508017555
2026-06-20T18:41:05+00:00,2026-06-15,7374881586,video,1,7845818180
2026-06-20T18:44:21+00:00,2026-06-15,7374881586,video,0,
2026-06-20T21:05:01+00:00,2026-06-15,7508017555,video,1,7374881586
2026-06-20T21:05:10+00:00,2026-06-15,7508017555,video,0,
2026-06-20T21:05:11+00:00,2026-06-15,7508017555,video,0,
2026-06-20T21:08:22+00:00,2026-06-15,7508017555,video,0,
2026-06-20T21:08:49+00:00,2026-06-15,7508017555,video,1,8537175647
2026-06-20T21:10:07+00:00,2026-06-15,7508017555,video,1,7545589531
2026-06-20T21:11:18+00:00,2026-06-15,7508017555,video,0,
2026-06-20T21:13:47+00:00,2026-06-15,8537175647,video,1,7508017555
2026-06-20T21:16:24+00:00,2026-06-15,8537175647,text,1,7508017555
2026-06-20T22:00:26+00:00,2026-06-15,8537175647,video,0,
2026-06-20T22:46:22+00:00,2026-06-15,7845818180,video,0,
2026-06-20T22:47:24+00:00,2026-06-15,7845818180,video,0,
2026-06-20T23:07:51+00:00,2026-06-15,7847453913,text,0,
2026-06-20T23:10:47+00:00,2026-06-15,7545589531,video,1,7508017555
2026-06-20T23:13:08+00:00,2026-06-15,7847453913,text,1,8700065503
2026-06-20T23:13:45+00:00,2026-06-15,7545589531,video,1,7508017555
2026-06-20T23:14:59+00:00,2026-06-15,7545589531,video,0,
2026-06-20T23:17:32+00:00,2026-06-15,7847453913,video,0,
2026-06-20T23:18:28+00:00,2026-06-15,7847453913,video,0,
2026-06-20T23:18:59+00:00,2026-06-15,7847453913,other,0,
2026-06-20T23:19:48+00:00,2026-06-15,7847453913,text,0,
2026-06-20T23:20:51+00:00,2026-06-15,7847453913,video,0,
2026-06-20T23:22:22+00:00,2026-06-15,7847453913,video,0,
2026-06-20T23:23:25+00:00,2026-06-15,7847453913,video,0,
2026-06-20T23:24:27+00:00,2026-06-15,7847453913,video,0,
2026-06-20T23:25:34+00:00,2026-06-15,7847453913,video,0,
2026-06-20T23:26:32+00:00,2026-06-15,7847453913,video,0,
2026-06-20T23:53:24+00:00,2026-06-15,7845818180,text,1,7847453913
2026-06-20T23:53:37+00:00,2026-06-15,7845818180,video,1,7847453913
2026-06-21T00:48:41+00:00,2026-06-15,7845818180,video,1,7374881586
2026-06-21T00:49:31+00:00,2026-06-15,7845818180,voice,0,
2026-06-21T00:49:47+00:00,2026-06-15,7845818180,video,0,
2026-06-21T01:54:42+00:00,2026-06-15,7508017555,text,1,7847453913
2026-06-21T13:46:27+00:00,2026-06-15,7508017555,video,0,
2026-06-21T13:51:33+00:00,2026-06-15,8537175647,text,1,7508017555
2026-06-21T15:09:35+00:00,2026-06-15,7508017555,video,1,8537175647
2026-06-21T15:10:19+00:00,2026-06-15,7508017555,video,0,
2026-06-21T15:11:53+00:00,2026-06-15,7508017555,video,1,7845818180
2026-06-21T15:12:14+00:00,2026-06-15,7508017555,video,0,
2026-06-21T15:13:24+00:00,2026-06-15,8115641770,other,0,
2026-06-21T15:16:55+00:00,2026-06-15,7508017555,video,1,7847453913
2026-06-21T15:18:34+00:00,2026-06-15,7508017555,video,0,
2026-06-21T15:19:36+00:00,2026-06-15,7508017555,video,0,
2026-06-21T15:20:40+00:00,2026-06-15,7508017555,video,0,
2026-06-21T15:21:44+00:00,2026-06-15,7508017555,video,0,
2026-06-21T15:22:49+00:00,2026-06-15,7508017555,video,0,
2026-06-21T15:23:54+00:00,2026-06-15,7508017555,video,0,
2026-06-21T15:24:58+00:00,2026-06-15,7508017555,video,0,
2026-06-21T15:26:00+00:00,2026-06-15,7508017555,video,0,
2026-06-21T15:26:51+00:00,2026-06-15,7508017555,video,1,8115641770
2026-06-21T15:31:28+00:00,2026-06-15,7508017555,video,1,7847453913
2026-06-21T15:32:34+00:00,2026-06-15,7508017555,video,0,
2026-06-21T15:33:37+00:00,2026-06-15,7508017555,video,0,
2026-06-21T15:34:12+00:00,2026-06-15,7508017555,video,0,
2026-06-21T15:36:54+00:00,2026-06-15,7508017555,video,1,7847453913
2026-06-21T15:38:29+00:00,2026-06-15,7508017555,video,0,
2026-06-21T15:39:33+00:00,2026-06-15,7508017555,video,0,
2026-06-21T15:40:36+00:00,2026-06-15,7508017555,video,0,
2026-06-21T15:41:59+00:00,2026-06-15,7508017555,video,0,
2026-06-21T15:42:57+00:00,2026-06-15,7508017555,video,0,
2026-06-21T15:43:40+00:00,2026-06-15,7508017555,text,0,
2026-06-21T15:44:45+00:00,2026-06-15,7508017555,video,0,
2026-06-21T15:45:48+00:00,2026-06-15,7508017555,video,0,
2026-06-21T15:46:09+00:00,2026-06-15,7508017555,video,0,
2026-06-21T16:12:24+00:00,2026-06-15,8537175647,video,1,7508017555
2026-06-21T16:14:01+00:00,2026-06-15,8537175647,video,1,7508017555
2026-06-21T16:22:27+00:00,2026-06-15,8537175647,video,1,7847453913
2026-06-21T16:34:01+00:00,2026-06-15,7845818180,video,1,7508017555
2026-06-21T17:01:15+00:00,2026-06-15,7508017555,video,1,8537175647
2026-06-21T17:01:48+00:00,2026-06-15,7508017555,video,1,8537175647
2026-06-21T17:46:48+00:00,2026-06-15,8537175647,text,1,7508017555
2026-06-21T17:47:52+00:00,2026-06-15,8537175647,text,1,7508017555
2026-06-21T18:49:01+00:00,2026-06-15,7545589531,video,0,
2026-06-21T18:53:50+00:00,2026-06-15,7545589531,video,1,7508017555
2026-06-21T18:56:38+00:00,2026-06-15,7334599398,video,0,
2026-06-21T19:01:01+00:00,2026-06-15,8537175647,text,1,7334599398
2026-06-21T19:51:27+00:00,2026-06-15,7334599398,text,1,8537175647
2026-06-21T20:59:35+00:00,2026-06-15,7508017555,video,0,
2026-06-21T21:04:16+00:00,2026-06-15,7508017555,video,1,7545589531
2026-06-21T21:41:38+00:00,2026-06-15,7847453913,video,1,7845818180
2026-06-21T21:42:57+00:00,2026-06-15,7847453913,video,1,7845818180
2026-06-21T21:43:54+00:00,2026-06-15,7847453913,video,1,7845818180
2026-06-21T21:45:29+00:00,2026-06-15,7847453913,video,1,7508017555
2026-06-21T21:46:47+00:00,2026-06-15,7847453913,video,1,7508017555
2026-06-21T21:48:17+00:00,2026-06-15,7847453913,video,1,7508017555
2026-06-21T21:57:29+00:00,2026-06-15,7847453913,video,1,7508017555
2026-06-21T21:58:29+00:00,2026-06-15,7847453913,video,0,
2026-06-21T21:59:30+00:00,2026-06-15,7847453913,video,0,
2026-06-21T22:00:31+00:00,2026-06-15,7847453913,video,0,
2026-06-21T22:01:35+00:00,2026-06-15,7847453913,video,0,
2026-06-21T22:02:39+00:00,2026-06-15,7847453913,video,0,
2026-06-21T22:07:49+00:00,2026-06-15,7847453913,video,1,7508017555
2026-06-21T22:08:52+00:00,2026-06-15,7847453913,video,1,7508017555
2026-06-21T22:09:51+00:00,2026-06-15,7847453913,video,0,
2026-06-21T22:12:12+00:00,2026-06-15,7847453913,video,1,7508017555
2026-06-21T22:16:23+00:00,2026-06-15,7847453913,video,1,7508017555
2026-06-21T22:17:31+00:00,2026-06-15,7847453913,video,1,7508017555
2026-06-21T22:18:32+00:00,2026-06-15,7847453913,video,0,
2026-06-21T22:20:53+00:00,2026-06-15,7847453913,video,1,8537175647
2026-06-21T22:22:48+00:00,2026-06-15,7847453913,video,1,8537175647
2026-06-21T22:26:11+00:00,2026-06-15,7847453913,video,1,7545589531
2026-06-21T22:27:56+00:00,2026-06-15,7847453913,video,1,7508017555
2026-06-21T22:28:57+00:00,2026-06-15,7847453913,video,1,7508017555
2026-06-21T22:30:33+00:00,2026-06-15,7847453913,video,1,7334599398
2026-06-22T01:18:43+00:00,2026-06-22,7545589531,video,0,
2026-06-22T01:19:51+00:00,2026-06-22,7545589531,video,0,
2026-06-22T01:20:58+00:00,2026-06-22,7545589531,video,0,
2026-06-22T01:55:40+00:00,2026-06-22,7508017555,voice,1,7847453913
2026-06-22T02:14:09+00:00,2026-06-22,7545589531,video,0,
2026-06-22T09:59:57+00:00,2026-06-22,7545589531,video,0,
2026-06-22T10:01:06+00:00,2026-06-22,7545589531,video,0,
2026-06-22T12:10:17+00:00,2026-06-22,8537175647,video,1,7847453913
2026-06-22T12:11:36+00:00,2026-06-22,8537175647,video,1,7847453913
2026-06-22T13:26:59+00:00,2026-06-22,7545589531,text,1,8700065503
2026-06-22T18:29:54+00:00,2026-06-22,7545589531,video,0,
2026-06-22T18:33:32+00:00,2026-06-22,7545589531,text,1,8537175647
2026-06-22T18:51:11+00:00,2026-06-22,8537175647,text,1,7545589531
2026-06-22T21:49:18+00:00,2026-06-22,7845818180,video,0,
2026-06-22T22:34:40+00:00,2026-06-22,7847453913,video,1,8537175647
2026-06-22T22:35:39+00:00,2026-06-22,7847453913,video,0,
2026-06-22T22:37:34+00:00,2026-06-22,7847453913,video,1,7845818180
2026-06-22T22:38:13+00:00,2026-06-22,7847453913,video,0,
2026-06-22T22:39:09+00:00,2026-06-22,7847453913,text,0,
2026-06-22T22:39:54+00:00,2026-06-22,7845818180,video,1,7847453913
2026-06-22T22:40:07+00:00,2026-06-22,7845818180,video,0,
2026-06-22T22:42:25+00:00,2026-06-22,7847453913,video,0,
2026-06-22T23:44:58+00:00,2026-06-22,7847453913,video,0,
2026-06-22T23:45:58+00:00,2026-06-22,7847453913,video,0,
2026-06-22T23:47:03+00:00,2026-06-22,7847453913,video,0,
2026-06-23T06:48:33+00:00,2026-06-22,7508017555,voice,1,7847453913
2026-06-23T06:53:08+00:00,2026-06-22,8537175647,text,1,7847453913
2026-06-23T06:55:18+00:00,2026-06-22,7508017555,voice,1,7847453913
2026-06-23T07:00:48+00:00,2026-06-22,7508017555,voice,1,7847453913
2026-06-23T07:01:23+00:00,2026-06-22,7508017555,voice,1,7847453913
2026-06-23T07:07:23+00:00,2026-06-22,8537175647,video,0,
2026-06-23T07:08:18+00:00,2026-06-22,8537175647,video,0,
2026-06-23T11:37:51+00:00,2026-06-22,7545589531,video,0,
2026-06-23T11:38:56+00:00,2026-06-22,7545589531,video,0,
2026-06-23T14:53:55+00:00,2026-06-22,7845818180,video,0,
2026-06-23T15:01:42+00:00,2026-06-22,7508017555,text,0,
2026-06-23T15:06:30+00:00,2026-06-22,7508017555,text,0,
2026-06-23T15:08:19+00:00,2026-06-22,7508017555,video,1,8537175647
2026-06-23T15:09:18+00:00,2026-06-22,7508017555,video,0,
2026-06-23T15:10:22+00:00,2026-06-22,7508017555,video,0,
2026-06-23T15:11:26+00:00,2026-06-22,7508017555,video,0,
2026-06-23T15:12:31+00:00,2026-06-22,7508017555,video,0,
2026-06-23T15:13:37+00:00,2026-06-22,7508017555,video,0,
2026-06-23T15:14:46+00:00,2026-06-22,7508017555,video,0,
2026-06-23T15:15:48+00:00,2026-06-22,7508017555,video,0,
2026-06-23T15:18:46+00:00,2026-06-22,7508017555,video,1,7545589531
2026-06-23T15:19:51+00:00,2026-06-22,7508017555,video,0,
2026-06-23T15:20:57+00:00,2026-06-22,7508017555,video,0,
2026-06-23T15:22:03+00:00,2026-06-22,7508017555,video,0,
2026-06-23T15:23:09+00:00,2026-06-22,7508017555,video,0,
2026-06-23T15:24:14+00:00,2026-06-22,7508017555,video,0,
2026-06-23T15:25:12+00:00,2026-06-22,7508017555,video,0,
2026-06-23T15:26:44+00:00,2026-06-22,7508017555,video,1,7545589531
2026-06-23T15:28:46+00:00,2026-06-22,7508017555,video,1,7845818180
2026-06-23T15:31:43+00:00,2026-06-22,7508017555,video,1,7545589531
2026-06-23T15:44:39+00:00,2026-06-22,7545589531,voice,1,7508017555
2026-06-23T15:49:02+00:00,2026-06-22,7545589531,video,1,7508017555
2026-06-23T15:51:17+00:00,2026-06-22,7545589531,video,1,7508017555
2026-06-23T17:46:16+00:00,2026-06-22,7545589531,video,1,7508017555
2026-06-23T17:46:51+00:00,2026-06-22,7508017555,video,1,7545589531
2026-06-23T17:47:19+00:00,2026-06-22,7508017555,video,0,
2026-06-23T17:47:37+00:00,2026-06-22,7508017555,video,0,
2026-06-23T19:08:43+00:00,2026-06-22,7545589531,video,1,7508017555
2026-06-23T19:09:51+00:00,2026-06-22,7545589531,video,1,7508017555
2026-06-23T19:47:30+00:00,2026-06-22,7508017555,video,0,
2026-06-23T19:49:20+00:00,2026-06-22,7508017555,video,1,7545589531
2026-06-23T19:50:12+00:00,2026-06-22,7508017555,video,0,
2026-06-23T19:50:42+00:00,2026-06-22,7508017555,text,0,
2026-06-23T21:20:09+00:00,2026-06-22,8537175647,voice,1,7508017555
2026-06-24T11:00:46+00:00,2026-06-22,7545589531,video,0,
2026-06-24T22:36:10+00:00,2026-06-22,7847453913,voice,1,7508017555
2026-06-24T22:39:29+00:00,2026-06-22,7847453913,voice,1,7508017555
2026-06-24T22:44:51+00:00,2026-06-22,7847453913,voice,1,7508017555
2026-06-24T22:49:30+00:00,2026-06-22,7847453913,video,1,7545589531
2026-06-24T23:53:01+00:00,2026-06-22,7508017555,video,1,7545589531
2026-06-24T23:56:08+00:00,2026-06-22,7508017555,video,1,7847453913
2026-06-24T23:57:20+00:00,2026-06-22,7508017555,video,0,
2026-06-25T00:00:24+00:00,2026-06-22,7508017555,voice,0,
2026-06-25T00:13:05+00:00,2026-06-22,7508017555,voice,0,
2026-06-25T00:13:36+00:00,2026-06-22,7508017555,voice,0,
2026-06-25T00:18:50+00:00,2026-06-22,7508017555,voice,0,
2026-06-25T01:31:27+00:00,2026-06-22,7545589531,voice,1,7847453913
2026-06-25T01:33:44+00:00,2026-06-22,7545589531,video,1,7508017555
2026-06-25T01:37:54+00:00,2026-06-22,7545589531,video,1,7508017555
2026-06-25T01:39:02+00:00,2026-06-22,7545589531,video,1,7508017555
2026-06-25T01:41:21+00:00,2026-06-22,7545589531,video,0,
2026-06-25T01:45:52+00:00,2026-06-22,7545589531,video,0,
2026-06-25T01:47:35+00:00,2026-06-22,7545589531,video,0,
2026-06-25T01:54:26+00:00,2026-06-22,7545589531,video,0,
2026-06-25T06:18:11+00:00,2026-06-22,7334599398,video,0,
2026-06-25T13:48:37+00:00,2026-06-22,7545589531,video,0,
2026-06-25T14:28:35+00:00,2026-06-22,7374881586,video,0,
2026-06-26T09:25:39+00:00,2026-06-22,8537175647,video,0,
2026-06-26T13:30:14+00:00,2026-06-22,7545589531,video,0,
2026-06-26T13:32:21+00:00,2026-06-22,7545589531,video,0,
2026-06-26T13:34:39+00:00,2026-06-22,7545589531,voice,1,7508017555
