iso_time,week_monday,user_id,type,is_reply,reply_to_user_id
2026-06-20T01:10:30+00:00,2026-06-15,7545589531,video,0,
2026-06-20T13:53:11+00:00,2026-06-15,7845818180,video,0,
2026-06-20T13:53:46+00:00,2026-06-15,7845818180,text,1,7545589531
2026-06-20T13:55:13+00:00,2026-06-15,7845818180,video,1,7508017555
2026-06-20T13:55:21+00:00,2026-06-15,7845818180,video,0,
2026-06-20T15:00:04+00:00,2026-06-15,7845818180,video,1,7508017555
2026-06-20T15:02:03+00:00,2026-06-15,7508017555,video,0,
2026-06-20T15:02:06+00:00,2026-06-15,7508017555,text,0,
2026-06-20T18:35:11+00:00,2026-06-15,7374881586,video,0,
2026-06-20T18:37:45+00:00,2026-06-15,7374881586,video,1,7508017555
2026-06-20T18:41:05+00:00,2026-06-15,7374881586,video,1,7845818180
2026-06-20T18:44:21+00:00,2026-06-15,7374881586,video,0,
2026-06-20T21:05:01+00:00,2026-06-15,7508017555,video,1,7374881586
2026-06-20T21:05:10+00:00,2026-06-15,7508017555,video,0,
2026-06-20T21:05:11+00:00,2026-06-15,7508017555,video,0,
2026-06-20T21:08:22+00:00,2026-06-15,7508017555,video,0,
2026-06-20T21:08:49+00:00,2026-06-15,7508017555,video,1,8537175647
2026-06-20T21:10:07+00:00,2026-06-15,7508017555,video,1,7545589531
2026-06-20T21:11:18+00:00,2026-06-15,7508017555,video,0,
2026-06-20T21:13:47+00:00,2026-06-15,8537175647,video,1,7508017555
2026-06-20T21:16:24+00:00,2026-06-15,8537175647,text,1,7508017555
2026-06-20T22:00:26+00:00,2026-06-15,8537175647,video,0,
2026-06-20T22:46:22+00:00,2026-06-15,7845818180,video,0,
2026-06-20T22:47:24+00:00,2026-06-15,7845818180,video,0,
2026-06-20T23:07:51+00:00,2026-06-15,7847453913,text,0,
2026-06-20T23:10:47+00:00,2026-06-15,7545589531,video,1,7508017555
2026-06-20T23:13:08+00:00,2026-06-15,7847453913,text,1,8700065503
2026-06-20T23:13:45+00:00,2026-06-15,7545589531,video,1,7508017555
2026-06-20T23:14:59+00:00,2026-06-15,7545589531,video,0,
2026-06-20T23:17:32+00:00,2026-06-15,7847453913,video,0,
2026-06-20T23:18:28+00:00,2026-06-15,7847453913,video,0,
2026-06-20T23:18:59+00:00,2026-06-15,7847453913,other,0,
2026-06-20T23:19:48+00:00,2026-06-15,7847453913,text,0,
2026-06-20T23:20:51+00:00,2026-06-15,7847453913,video,0,
2026-06-20T23:22:22+00:00,2026-06-15,7847453913,video,0,
2026-06-20T23:23:25+00:00,2026-06-15,7847453913,video,0,
2026-06-20T23:24:27+00:00,2026-06-15,7847453913,video,0,
2026-06-20T23:25:34+00:00,2026-06-15,7847453913,video,0,
2026-06-20T23:26:32+00:00,2026-06-15,7847453913,video,0,
2026-06-20T23:53:24+00:00,2026-06-15,7845818180,text,1,7847453913
2026-06-20T23:53:37+00:00,2026-06-15,7845818180,video,1,7847453913
2026-06-21T00:48:41+00:00,2026-06-15,7845818180,video,1,7374881586
2026-06-21T00:49:31+00:00,2026-06-15,7845818180,voice,0,
2026-06-21T00:49:47+00:00,2026-06-15,7845818180,video,0,
2026-06-21T01:54:42+00:00,2026-06-15,7508017555,text,1,7847453913
2026-06-21T13:46:27+00:00,2026-06-15,7508017555,video,0,
2026-06-21T13:51:33+00:00,2026-06-15,8537175647,text,1,7508017555
2026-06-21T15:09:35+00:00,2026-06-15,7508017555,video,1,8537175647
2026-06-21T15:10:19+00:00,2026-06-15,7508017555,video,0,
2026-06-21T15:11:53+00:00,2026-06-15,7508017555,video,1,7845818180
2026-06-21T15:12:14+00:00,2026-06-15,7508017555,video,0,
2026-06-21T15:13:24+00:00,2026-06-15,8115641770,other,0,
2026-06-21T15:16:55+00:00,2026-06-15,7508017555,video,1,7847453913
2026-06-21T15:18:34+00:00,2026-06-15,7508017555,video,0,
2026-06-21T15:19:36+00:00,2026-06-15,7508017555,video,0,
2026-06-21T15:20:40+00:00,2026-06-15,7508017555,video,0,
2026-06-21T15:21:44+00:00,2026-06-15,7508017555,video,0,
2026-06-21T15:22:49+00:00,2026-06-15,7508017555,video,0,
2026-06-21T15:23:54+00:00,2026-06-15,7508017555,video,0,
2026-06-21T15:24:58+00:00,2026-06-15,7508017555,video,0,
2026-06-21T15:26:00+00:00,2026-06-15,7508017555,video,0,
2026-06-21T15:26:51+00:00,2026-06-15,7508017555,video,1,8115641770
2026-06-21T15:31:28+00:00,2026-06-15,7508017555,video,1,7847453913
2026-06-21T15:32:34+00:00,2026-06-15,7508017555,video,0,
2026-06-21T15:33:37+00:00,2026-06-15,7508017555,video,0,
2026-06-21T15:34:12+00:00,2026-06-15,7508017555,video,0,
2026-06-21T15:36:54+00:00,2026-06-15,7508017555,video,1,7847453913
2026-06-21T15:38:29+00:00,2026-06-15,7508017555,video,0,
2026-06-21T15:39:33+00:00,2026-06-15,7508017555,video,0,
2026-06-21T15:40:36+00:00,2026-06-15,7508017555,video,0,
2026-06-21T15:41:59+00:00,2026-06-15,7508017555,video,0,
2026-06-21T15:42:57+00:00,2026-06-15,7508017555,video,0,
2026-06-21T15:43:40+00:00,2026-06-15,7508017555,text,0,
2026-06-21T15:44:45+00:00,2026-06-15,7508017555,video,0,
2026-06-21T15:45:48+00:00,2026-06-15,7508017555,video,0,
2026-06-21T15:46:09+00:00,2026-06-15,7508017555,video,0,
2026-06-21T16:12:24+00:00,2026-06-15,8537175647,video,1,7508017555
2026-06-21T16:14:01+00:00,2026-06-15,8537175647,video,1,7508017555
2026-06-21T16:22:27+00:00,2026-06-15,8537175647,video,1,7847453913
2026-06-21T16:34:01+00:00,2026-06-15,7845818180,video,1,7508017555
2026-06-21T17:01:15+00:00,2026-06-15,7508017555,video,1,8537175647
2026-06-21T17:01:48+00:00,2026-06-15,7508017555,video,1,8537175647
2026-06-21T17:46:48+00:00,2026-06-15,8537175647,text,1,7508017555
2026-06-21T17:47:52+00:00,2026-06-15,8537175647,text,1,7508017555
2026-06-21T18:49:01+00:00,2026-06-15,7545589531,video,0,
2026-06-21T18:53:50+00:00,2026-06-15,7545589531,video,1,7508017555
2026-06-21T18:56:38+00:00,2026-06-15,7334599398,video,0,
2026-06-21T19:01:01+00:00,2026-06-15,8537175647,text,1,7334599398
2026-06-21T19:51:27+00:00,2026-06-15,7334599398,text,1,8537175647
2026-06-21T20:59:35+00:00,2026-06-15,7508017555,video,0,
2026-06-21T21:04:16+00:00,2026-06-15,7508017555,video,1,7545589531
2026-06-21T21:41:38+00:00,2026-06-15,7847453913,video,1,7845818180
2026-06-21T21:42:57+00:00,2026-06-15,7847453913,video,1,7845818180
2026-06-21T21:43:54+00:00,2026-06-15,7847453913,video,1,7845818180
2026-06-21T21:45:29+00:00,2026-06-15,7847453913,video,1,7508017555
2026-06-21T21:46:47+00:00,2026-06-15,7847453913,video,1,7508017555
2026-06-21T21:48:17+00:00,2026-06-15,7847453913,video,1,7508017555
2026-06-21T21:57:29+00:00,2026-06-15,7847453913,video,1,7508017555
2026-06-21T21:58:29+00:00,2026-06-15,7847453913,video,0,
2026-06-21T21:59:30+00:00,2026-06-15,7847453913,video,0,
2026-06-21T22:00:31+00:00,2026-06-15,7847453913,video,0,
2026-06-21T22:01:35+00:00,2026-06-15,7847453913,video,0,
2026-06-21T22:02:39+00:00,2026-06-15,7847453913,video,0,
2026-06-21T22:07:49+00:00,2026-06-15,7847453913,video,1,7508017555
2026-06-21T22:08:52+00:00,2026-06-15,7847453913,video,1,7508017555
2026-06-21T22:09:51+00:00,2026-06-15,7847453913,video,0,
2026-06-21T22:12:12+00:00,2026-06-15,7847453913,video,1,7508017555
2026-06-21T22:16:23+00:00,2026-06-15,7847453913,video,1,7508017555
2026-06-21T22:17:31+00:00,2026-06-15,7847453913,video,1,7508017555
2026-06-21T22:18:32+00:00,2026-06-15,7847453913,video,0,
2026-06-21T22:20:53+00:00,2026-06-15,7847453913,video,1,8537175647
2026-06-21T22:22:48+00:00,2026-06-15,7847453913,video,1,8537175647
2026-06-21T22:26:11+00:00,2026-06-15,7847453913,video,1,7545589531
2026-06-21T22:27:56+00:00,2026-06-15,7847453913,video,1,7508017555
2026-06-21T22:28:57+00:00,2026-06-15,7847453913,video,1,7508017555
2026-06-21T22:30:33+00:00,2026-06-15,7847453913,video,1,7334599398
2026-06-22T01:18:43+00:00,2026-06-22,7545589531,video,0,
2026-06-22T01:19:51+00:00,2026-06-22,7545589531,video,0,
2026-06-22T01:20:58+00:00,2026-06-22,7545589531,video,0,
2026-06-22T01:55:40+00:00,2026-06-22,7508017555,voice,1,7847453913
2026-06-22T02:14:09+00:00,2026-06-22,7545589531,video,0,
2026-06-22T09:59:57+00:00,2026-06-22,7545589531,video,0,
2026-06-22T10:01:06+00:00,2026-06-22,7545589531,video,0,
2026-06-22T12:10:17+00:00,2026-06-22,8537175647,video,1,7847453913
2026-06-22T12:11:36+00:00,2026-06-22,8537175647,video,1,7847453913
2026-06-22T13:26:59+00:00,2026-06-22,7545589531,text,1,8700065503
2026-06-22T18:29:54+00:00,2026-06-22,7545589531,video,0,
2026-06-22T18:33:32+00:00,2026-06-22,7545589531,text,1,8537175647
2026-06-22T18:51:11+00:00,2026-06-22,8537175647,text,1,7545589531
2026-06-22T21:49:18+00:00,2026-06-22,7845818180,video,0,
2026-06-22T22:34:40+00:00,2026-06-22,7847453913,video,1,8537175647
2026-06-22T22:35:39+00:00,2026-06-22,7847453913,video,0,
2026-06-22T22:37:34+00:00,2026-06-22,7847453913,video,1,7845818180
2026-06-22T22:38:13+00:00,2026-06-22,7847453913,video,0,
2026-06-22T22:39:09+00:00,2026-06-22,7847453913,text,0,
2026-06-22T22:39:54+00:00,2026-06-22,7845818180,video,1,7847453913
2026-06-22T22:40:07+00:00,2026-06-22,7845818180,video,0,
2026-06-22T22:42:25+00:00,2026-06-22,7847453913,video,0,
2026-06-22T23:44:58+00:00,2026-06-22,7847453913,video,0,
2026-06-22T23:45:58+00:00,2026-06-22,7847453913,video,0,
2026-06-22T23:47:03+00:00,2026-06-22,7847453913,video,0,
2026-06-23T06:48:33+00:00,2026-06-22,7508017555,voice,1,7847453913
2026-06-23T06:53:08+00:00,2026-06-22,8537175647,text,1,7847453913
2026-06-23T06:55:18+00:00,2026-06-22,7508017555,voice,1,7847453913
2026-06-23T07:00:48+00:00,2026-06-22,7508017555,voice,1,7847453913
2026-06-23T07:01:23+00:00,2026-06-22,7508017555,voice,1,7847453913
2026-06-23T07:07:23+00:00,2026-06-22,8537175647,video,0,
2026-06-23T07:08:18+00:00,2026-06-22,8537175647,video,0,
2026-06-23T11:37:51+00:00,2026-06-22,7545589531,video,0,
2026-06-23T11:38:56+00:00,2026-06-22,7545589531,video,0,
2026-06-23T14:53:55+00:00,2026-06-22,7845818180,video,0,
2026-06-23T15:01:42+00:00,2026-06-22,7508017555,text,0,
2026-06-23T15:06:30+00:00,2026-06-22,7508017555,text,0,
2026-06-23T15:08:19+00:00,2026-06-22,7508017555,video,1,8537175647
2026-06-23T15:09:18+00:00,2026-06-22,7508017555,video,0,
2026-06-23T15:10:22+00:00,2026-06-22,7508017555,video,0,
2026-06-23T15:11:26+00:00,2026-06-22,7508017555,video,0,
2026-06-23T15:12:31+00:00,2026-06-22,7508017555,video,0,
2026-06-23T15:13:37+00:00,2026-06-22,7508017555,video,0,
2026-06-23T15:14:46+00:00,2026-06-22,7508017555,video,0,
2026-06-23T15:15:48+00:00,2026-06-22,7508017555,video,0,
2026-06-23T15:18:46+00:00,2026-06-22,7508017555,video,1,7545589531
2026-06-23T15:19:51+00:00,2026-06-22,7508017555,video,0,
2026-06-23T15:20:57+00:00,2026-06-22,7508017555,video,0,
2026-06-23T15:22:03+00:00,2026-06-22,7508017555,video,0,
2026-06-23T15:23:09+00:00,2026-06-22,7508017555,video,0,
2026-06-23T15:24:14+00:00,2026-06-22,7508017555,video,0,
2026-06-23T15:25:12+00:00,2026-06-22,7508017555,video,0,
2026-06-23T15:26:44+00:00,2026-06-22,7508017555,video,1,7545589531
2026-06-23T15:28:46+00:00,2026-06-22,7508017555,video,1,7845818180
2026-06-23T15:31:43+00:00,2026-06-22,7508017555,video,1,7545589531
2026-06-23T15:44:39+00:00,2026-06-22,7545589531,voice,1,7508017555
2026-06-23T15:49:02+00:00,2026-06-22,7545589531,video,1,7508017555
2026-06-23T15:51:17+00:00,2026-06-22,7545589531,video,1,7508017555
2026-06-23T17:46:16+00:00,2026-06-22,7545589531,video,1,7508017555
2026-06-23T17:46:51+00:00,2026-06-22,7508017555,video,1,7545589531
2026-06-23T17:47:19+00:00,2026-06-22,7508017555,video,0,
2026-06-23T17:47:37+00:00,2026-06-22,7508017555,video,0,
2026-06-23T19:08:43+00:00,2026-06-22,7545589531,video,1,7508017555
2026-06-23T19:09:51+00:00,2026-06-22,7545589531,video,1,7508017555
2026-06-23T19:47:30+00:00,2026-06-22,7508017555,video,0,
2026-06-23T19:49:20+00:00,2026-06-22,7508017555,video,1,7545589531
2026-06-23T19:50:12+00:00,2026-06-22,7508017555,video,0,
2026-06-23T19:50:42+00:00,2026-06-22,7508017555,text,0,
2026-06-23T21:20:09+00:00,2026-06-22,8537175647,voice,1,7508017555
2026-06-24T11:00:46+00:00,2026-06-22,7545589531,video,0,
2026-06-24T22:36:10+00:00,2026-06-22,7847453913,voice,1,7508017555
2026-06-24T22:39:29+00:00,2026-06-22,7847453913,voice,1,7508017555
2026-06-24T22:44:51+00:00,2026-06-22,7847453913,voice,1,7508017555
2026-06-24T22:49:30+00:00,2026-06-22,7847453913,video,1,7545589531
2026-06-24T23:53:01+00:00,2026-06-22,7508017555,video,1,7545589531
2026-06-24T23:56:08+00:00,2026-06-22,7508017555,video,1,7847453913
2026-06-24T23:57:20+00:00,2026-06-22,7508017555,video,0,
2026-06-25T00:00:24+00:00,2026-06-22,7508017555,voice,0,
2026-06-25T00:13:05+00:00,2026-06-22,7508017555,voice,0,
2026-06-25T00:13:36+00:00,2026-06-22,7508017555,voice,0,
2026-06-25T00:18:50+00:00,2026-06-22,7508017555,voice,0,
2026-06-25T01:31:27+00:00,2026-06-22,7545589531,voice,1,7847453913
2026-06-25T01:33:44+00:00,2026-06-22,7545589531,video,1,7508017555
2026-06-25T01:37:54+00:00,2026-06-22,7545589531,video,1,7508017555
2026-06-25T01:39:02+00:00,2026-06-22,7545589531,video,1,7508017555
2026-06-25T01:41:21+00:00,2026-06-22,7545589531,video,0,
2026-06-25T01:45:52+00:00,2026-06-22,7545589531,video,0,
2026-06-25T01:47:35+00:00,2026-06-22,7545589531,video,0,
2026-06-25T01:54:26+00:00,2026-06-22,7545589531,video,0,
2026-06-25T06:18:11+00:00,2026-06-22,7334599398,video,0,
2026-06-25T13:48:37+00:00,2026-06-22,7545589531,video,0,
2026-06-25T14:28:35+00:00,2026-06-22,7374881586,video,0,
2026-06-26T09:25:39+00:00,2026-06-22,8537175647,video,0,
2026-06-26T13:30:14+00:00,2026-06-22,7545589531,video,0,
2026-06-26T13:32:21+00:00,2026-06-22,7545589531,video,0,
2026-06-26T13:34:39+00:00,2026-06-22,7545589531,voice,1,7508017555
2026-06-26T22:33:46+00:00,2026-06-22,7545589531,video,0,
2026-06-26T23:07:02+00:00,2026-06-22,7508017555,video,1,7545589531
2026-06-26T23:07:22+00:00,2026-06-22,7508017555,video,0,
2026-06-26T23:08:27+00:00,2026-06-22,7508017555,video,0,
2026-06-26T23:11:39+00:00,2026-06-22,7508017555,other,0,
2026-06-27T00:07:10+00:00,2026-06-22,7847453913,other,0,
2026-06-27T00:12:12+00:00,2026-06-22,7847453913,voice,1,7508017555
2026-06-27T00:17:16+00:00,2026-06-22,7847453913,voice,1,7545589531
2026-06-27T00:21:45+00:00,2026-06-22,7847453913,video,1,7545589531
2026-06-27T00:25:57+00:00,2026-06-22,7847453913,text,1,7545589531
2026-06-27T00:27:27+00:00,2026-06-22,7847453913,video,1,7374881586
2026-06-27T00:29:16+00:00,2026-06-22,7847453913,video,1,8537175647
2026-06-27T00:32:46+00:00,2026-06-22,7847453913,text,1,7545589531
2026-06-27T00:33:54+00:00,2026-06-22,7847453913,text,1,7508017555
2026-06-27T00:34:44+00:00,2026-06-22,7847453913,text,0,
2026-06-27T01:14:20+00:00,2026-06-22,7545589531,voice,1,7847453913
2026-06-27T01:16:37+00:00,2026-06-22,7545589531,text,1,7847453913
2026-06-27T01:18:39+00:00,2026-06-22,7545589531,voice,1,7847453913
2026-06-27T01:22:00+00:00,2026-06-22,7545589531,voice,1,7508017555
2026-06-27T01:29:44+00:00,2026-06-22,7847453913,other,0,
2026-06-27T01:30:58+00:00,2026-06-22,7847453913,text,0,
2026-06-27T01:34:09+00:00,2026-06-22,7847453913,text,1,7545589531
2026-06-27T09:01:32+00:00,2026-06-22,8537175647,video,1,7847453913
2026-06-27T09:04:09+00:00,2026-06-22,8537175647,video,0,
2026-06-27T10:35:19+00:00,2026-06-22,7847453913,other,0,
2026-06-27T10:37:05+00:00,2026-06-22,7847453913,text,1,8537175647
2026-06-27T12:37:31+00:00,2026-06-22,7508017555,voice,1,7847453913
2026-06-27T12:51:59+00:00,2026-06-22,7545589531,video,0,
2026-06-27T12:54:33+00:00,2026-06-22,8537175647,text,1,7847453913
2026-06-27T12:54:43+00:00,2026-06-22,7545589531,video,0,
2026-06-27T12:55:03+00:00,2026-06-22,8537175647,text,1,7847453913
2026-06-27T13:52:50+00:00,2026-06-22,7508017555,video,1,7545589531
2026-06-27T13:54:25+00:00,2026-06-22,7508017555,video,1,7545589531
2026-06-27T13:54:37+00:00,2026-06-22,7847453913,text,0,
2026-06-27T13:55:31+00:00,2026-06-22,7508017555,video,0,
2026-06-27T13:56:35+00:00,2026-06-22,7508017555,video,0,
2026-06-27T13:57:19+00:00,2026-06-22,7847453913,voice,1,7508017555
2026-06-27T13:57:22+00:00,2026-06-22,7508017555,video,0,
2026-06-27T13:59:08+00:00,2026-06-22,8537175647,text,1,7847453913
2026-06-27T14:01:10+00:00,2026-06-22,7508017555,video,1,7847453913
2026-06-27T14:02:21+00:00,2026-06-22,7508017555,video,1,7847453913
2026-06-27T14:03:34+00:00,2026-06-22,7508017555,video,0,
2026-06-27T14:05:42+00:00,2026-06-22,7847453913,text,1,7508017555
2026-06-27T14:06:40+00:00,2026-06-22,7508017555,video,1,7847453913
2026-06-27T14:07:20+00:00,2026-06-22,7847453913,video,1,7508017555
2026-06-27T14:08:15+00:00,2026-06-22,7847453913,video,0,
2026-06-27T14:08:45+00:00,2026-06-22,7508017555,video,1,7847453913
2026-06-27T14:09:42+00:00,2026-06-22,7508017555,video,0,
2026-06-27T14:10:22+00:00,2026-06-22,7847453913,video,1,7508017555
2026-06-27T14:13:07+00:00,2026-06-22,7845818180,video,0,
2026-06-27T14:13:26+00:00,2026-06-22,7545589531,voice,1,7508017555
2026-06-27T14:13:56+00:00,2026-06-22,7845818180,video,0,
2026-06-27T14:14:26+00:00,2026-06-22,7508017555,video,1,7847453913
2026-06-27T14:14:57+00:00,2026-06-22,7847453913,video,1,7508017555
2026-06-27T14:15:11+00:00,2026-06-22,7845818180,text,0,
2026-06-27T14:16:02+00:00,2026-06-22,7847453913,video,1,7508017555
2026-06-27T14:16:46+00:00,2026-06-22,7847453913,video,0,
2026-06-27T14:17:54+00:00,2026-06-22,7508017555,video,1,7845818180
2026-06-27T14:18:40+00:00,2026-06-22,7508017555,video,0,
2026-06-27T14:20:17+00:00,2026-06-22,7508017555,video,1,7845818180
2026-06-27T14:20:40+00:00,2026-06-22,7847453913,video,1,7508017555
2026-06-27T14:23:04+00:00,2026-06-22,7847453913,video,1,7508017555
2026-06-27T14:23:53+00:00,2026-06-22,7845818180,video,1,7508017555
2026-06-27T14:27:33+00:00,2026-06-22,7508017555,other,0,
2026-06-27T14:28:38+00:00,2026-06-22,7845818180,other,0,
2026-06-27T14:29:40+00:00,2026-06-22,7847453913,video,1,7508017555
2026-06-27T14:31:23+00:00,2026-06-22,7508017555,video,1,7847453913
2026-06-27T14:31:27+00:00,2026-06-22,7508017555,video,0,
2026-06-27T14:37:40+00:00,2026-06-22,7847453913,text,1,7508017555
2026-06-27T14:41:33+00:00,2026-06-22,7508017555,video,1,7847453913
2026-06-27T14:42:27+00:00,2026-06-22,7508017555,video,0,
2026-06-27T14:45:20+00:00,2026-06-22,7508017555,video,1,7847453913
2026-06-27T14:55:05+00:00,2026-06-22,7508017555,voice,1,7545589531
2026-06-27T14:57:12+00:00,2026-06-22,7508017555,video,1,7845818180
2026-06-27T15:16:41+00:00,2026-06-22,7508017555,video,1,8537175647
2026-06-27T15:32:53+00:00,2026-06-22,7374881586,video,0,
2026-06-27T16:45:13+00:00,2026-06-22,8537175647,video,1,7508017555
2026-06-27T16:46:11+00:00,2026-06-22,8537175647,video,1,7508017555
2026-06-27T18:18:25+00:00,2026-06-22,7374881586,video,0,
2026-06-27T18:19:58+00:00,2026-06-22,7374881586,video,0,
2026-06-27T18:26:53+00:00,2026-06-22,7374881586,video,1,7847453913
2026-06-27T19:54:33+00:00,2026-06-22,7847453913,video,1,7508017555
2026-06-27T19:55:58+00:00,2026-06-22,7847453913,video,1,7508017555
2026-06-27T20:00:57+00:00,2026-06-22,7847453913,voice,1,7508017555
2026-06-27T20:02:20+00:00,2026-06-22,7847453913,text,1,7508017555
2026-06-27T20:08:12+00:00,2026-06-22,7847453913,video,1,7374881586
2026-06-27T21:51:35+00:00,2026-06-22,7508017555,video,0,
2026-06-27T23:22:29+00:00,2026-06-22,7508017555,voice,1,7847453913
2026-06-27T23:23:19+00:00,2026-06-22,7508017555,video,0,
2026-06-27T23:55:25+00:00,2026-06-22,7845818180,video,0,
2026-06-27T23:55:37+00:00,2026-06-22,7845818180,text,0,
2026-06-27T23:55:49+00:00,2026-06-22,7545589531,video,0,
2026-06-27T23:58:32+00:00,2026-06-22,7545589531,voice,1,7508017555
2026-06-28T00:00:44+00:00,2026-06-22,7545589531,text,1,7845818180
2026-06-28T00:50:55+00:00,2026-06-22,7508017555,text,1,7845818180
2026-06-28T00:55:33+00:00,2026-06-22,7508017555,video,1,7545589531
2026-06-28T00:58:36+00:00,2026-06-22,7508017555,voice,1,7545589531
2026-06-28T01:00:28+00:00,2026-06-22,7508017555,voice,0,
2026-06-28T01:26:52+00:00,2026-06-22,7545589531,voice,1,7508017555
2026-06-28T01:57:37+00:00,2026-06-22,7545589531,video,0,
2026-06-28T12:50:41+00:00,2026-06-22,7545589531,text,0,
2026-06-28T12:51:57+00:00,2026-06-22,7545589531,video,0,
2026-06-28T12:53:03+00:00,2026-06-22,7545589531,video,0,
2026-06-28T12:54:09+00:00,2026-06-22,7545589531,video,0,
2026-06-29T12:54:24+00:00,2026-06-29,8537175647,video,0,
2026-06-29T15:13:18+00:00,2026-06-29,7508017555,video,1,7545589531
2026-06-29T15:14:23+00:00,2026-06-29,7508017555,video,0,
2026-06-29T15:15:25+00:00,2026-06-29,7508017555,video,0,
2026-06-29T15:16:29+00:00,2026-06-29,7508017555,video,0,
2026-06-29T15:17:18+00:00,2026-06-29,7508017555,video,0,
2026-06-29T15:19:17+00:00,2026-06-29,7508017555,video,1,8537175647
2026-06-29T15:19:29+00:00,2026-06-29,7508017555,video,0,
2026-06-29T19:23:55+00:00,2026-06-29,7545589531,video,0,
2026-06-29T19:26:03+00:00,2026-06-29,7545589531,video,0,
2026-06-29T19:41:39+00:00,2026-06-29,8537175647,video,1,7508017555
2026-06-29T21:40:19+00:00,2026-06-29,7845818180,video,0,
2026-06-29T23:21:46+00:00,2026-06-29,7508017555,video,1,7545589531
2026-06-29T23:22:51+00:00,2026-06-29,7508017555,video,1,7845818180
2026-06-29T23:23:45+00:00,2026-06-29,7508017555,video,0,
2026-06-30T02:43:16+00:00,2026-06-29,7845818180,video,1,7508017555
2026-06-30T02:43:59+00:00,2026-06-29,7845818180,video,1,8537175647
2026-06-30T02:44:58+00:00,2026-06-29,7845818180,text,1,7545589531
2026-06-30T02:48:08+00:00,2026-06-29,7845818180,video,1,7545589531
2026-06-30T02:48:58+00:00,2026-06-29,7845818180,video,1,7847453913
2026-06-30T04:31:23+00:00,2026-06-29,7508017555,video,0,
2026-06-30T04:34:47+00:00,2026-06-29,7508017555,video,1,7845818180
2026-06-30T06:17:11+00:00,2026-06-29,7334599398,text,1,7845818180
2026-06-30T07:19:35+00:00,2026-06-29,8537175647,video,1,7845818180
2026-06-30T07:41:05+00:00,2026-06-29,8537175647,video,1,7845818180
2026-06-30T15:42:00+00:00,2026-06-29,7545589531,video,0,
2026-06-30T15:42:21+00:00,2026-06-29,7545589531,video,0,
2026-06-30T15:43:29+00:00,2026-06-29,7545589531,video,0,
2026-06-30T20:56:53+00:00,2026-06-29,7847453913,text,1,7508017555
2026-06-30T20:58:58+00:00,2026-06-29,7847453913,text,1,7845818180
2026-06-30T21:00:08+00:00,2026-06-29,7847453913,video,1,7545589531
2026-06-30T21:55:19+00:00,2026-06-29,7508017555,video,1,7847453913
2026-06-30T21:57:15+00:00,2026-06-29,7508017555,video,0,
2026-07-01T09:12:51+00:00,2026-06-29,8537175647,video,0,
2026-07-01T11:04:57+00:00,2026-06-29,7545589531,video,0,
2026-07-01T15:50:43+00:00,2026-06-29,7845818180,video,0,
2026-07-01T15:52:57+00:00,2026-06-29,7845818180,video,1,8537175647
2026-07-01T17:30:01+00:00,2026-06-29,8537175647,text,1,7845818180
2026-07-01T17:36:13+00:00,2026-06-29,8115641770,text,1,7845818180
2026-07-01T20:55:30+00:00,2026-06-29,7508017555,video,1,8537175647
2026-07-01T21:04:27+00:00,2026-06-29,7508017555,video,1,7545589531
2026-07-01T21:05:33+00:00,2026-06-29,7508017555,video,0,
2026-07-01T21:06:37+00:00,2026-06-29,7508017555,video,0,
2026-07-01T21:07:40+00:00,2026-06-29,7508017555,video,0,
2026-07-01T21:08:44+00:00,2026-06-29,7508017555,video,0,
2026-07-01T21:10:02+00:00,2026-06-29,7508017555,video,1,7845818180
2026-07-01T21:10:44+00:00,2026-06-29,7508017555,video,0,
2026-07-01T21:14:14+00:00,2026-06-29,7508017555,video,1,8115641770
2026-07-01T21:14:29+00:00,2026-06-29,7847453913,video,0,
2026-07-01T21:14:54+00:00,2026-06-29,7508017555,video,1,8115641770
2026-07-01T21:15:14+00:00,2026-06-29,7508017555,video,0,
2026-07-01T21:17:27+00:00,2026-06-29,7508017555,video,0,
2026-07-01T21:18:50+00:00,2026-06-29,7508017555,video,1,7847453913
2026-07-01T22:28:07+00:00,2026-06-29,7847453913,text,0,
2026-07-01T22:29:06+00:00,2026-06-29,7847453913,text,0,
2026-07-01T22:29:40+00:00,2026-06-29,7508017555,text,1,7847453913
2026-07-01T22:29:43+00:00,2026-06-29,7508017555,text,0,
2026-07-01T22:30:26+00:00,2026-06-29,7508017555,video,0,
2026-07-01T22:30:56+00:00,2026-06-29,7847453913,video,1,7508017555
2026-07-01T22:31:34+00:00,2026-06-29,7847453913,text,0,
2026-07-01T22:38:55+00:00,2026-06-29,7508017555,video,0,
2026-07-01T22:44:29+00:00,2026-06-29,7847453913,text,0,
2026-07-01T23:03:40+00:00,2026-06-29,7847453913,video,0,
2026-07-01T23:49:45+00:00,2026-06-29,7508017555,video,1,7847453913
2026-07-01T23:50:22+00:00,2026-06-29,7508017555,video,0,
2026-07-01T23:51:26+00:00,2026-06-29,7508017555,video,0,
2026-07-01T23:52:30+00:00,2026-06-29,7508017555,video,0,
2026-07-01T23:54:14+00:00,2026-06-29,7508017555,video,0,
2026-07-01T23:54:25+00:00,2026-06-29,7508017555,text,0,
2026-07-01T23:54:28+00:00,2026-06-29,7508017555,text,0,
2026-07-02T00:17:44+00:00,2026-06-29,7847453913,video,0,
2026-07-02T00:18:45+00:00,2026-06-29,7847453913,video,0,
2026-07-02T00:22:49+00:00,2026-06-29,7508017555,video,1,7847453913
2026-07-02T00:23:04+00:00,2026-06-29,7847453913,video,1,7508017555
2026-07-02T00:23:48+00:00,2026-06-29,7508017555,video,0,
2026-07-02T00:24:04+00:00,2026-06-29,7847453913,video,0,
2026-07-02T00:25:04+00:00,2026-06-29,7847453913,video,0,
2026-07-02T00:25:55+00:00,2026-06-29,7508017555,video,1,7847453913
2026-07-02T00:26:40+00:00,2026-06-29,7508017555,video,0,
2026-07-02T00:26:41+00:00,2026-06-29,7847453913,video,1,7508017555
2026-07-02T00:28:32+00:00,2026-06-29,7508017555,video,1,7847453913
2026-07-02T00:28:45+00:00,2026-06-29,7847453913,video,1,7508017555
2026-07-02T00:29:45+00:00,2026-06-29,7847453913,video,0,
2026-07-02T00:32:18+00:00,2026-06-29,7847453913,video,1,7508017555
2026-07-02T00:36:40+00:00,2026-06-29,7508017555,video,1,7847453913
2026-07-02T00:40:10+00:00,2026-06-29,7508017555,video,1,7847453913
2026-07-02T00:41:09+00:00,2026-06-29,7508017555,video,0,
2026-07-02T00:42:08+00:00,2026-06-29,7508017555,video,0,
2026-07-02T00:43:40+00:00,2026-06-29,7508017555,video,0,
2026-07-02T00:44:00+00:00,2026-06-29,7508017555,video,0,
2026-07-02T00:44:30+00:00,2026-06-29,7508017555,text,0,
2026-07-02T08:02:38+00:00,2026-06-29,7847453913,video,0,
2026-07-02T08:03:50+00:00,2026-06-29,7847453913,video,0,
2026-07-02T08:05:00+00:00,2026-06-29,7847453913,video,0,
2026-07-02T08:05:59+00:00,2026-06-29,7847453913,video,0,
2026-07-02T08:07:03+00:00,2026-06-29,7847453913,video,0,
2026-07-02T10:55:18+00:00,2026-06-29,7545589531,text,1,7847453913
2026-07-02T12:02:06+00:00,2026-06-29,7545589531,voice,0,
2026-07-02T12:04:15+00:00,2026-06-29,7545589531,voice,1,7847453913
2026-07-02T12:06:49+00:00,2026-06-29,7545589531,voice,1,7508017555
2026-07-02T12:09:28+00:00,2026-06-29,7545589531,voice,1,7847453913
2026-07-02T12:11:28+00:00,2026-06-29,7545589531,voice,1,7508017555
2026-07-02T12:12:38+00:00,2026-06-29,7545589531,video,0,
2026-07-02T12:14:58+00:00,2026-06-29,7545589531,video,0,
2026-07-02T12:17:23+00:00,2026-06-29,7545589531,video,0,
2026-07-02T12:20:31+00:00,2026-06-29,7334599398,text,1,7545589531
2026-07-02T12:47:14+00:00,2026-06-29,7845818180,video,0,
2026-07-02T13:58:29+00:00,2026-06-29,7545589531,text,1,7845818180
2026-07-02T16:49:48+00:00,2026-06-29,7845818180,text,0,
2026-07-02T17:56:12+00:00,2026-06-29,7545589531,video,0,
2026-07-02T21:29:58+00:00,2026-06-29,7845818180,video,1,7545589531
2026-07-02T21:31:09+00:00,2026-06-29,7845818180,video,1,7508017555
2026-07-02T21:33:47+00:00,2026-06-29,7845818180,video,1,8700065503
2026-07-02T21:34:48+00:00,2026-06-29,7845818180,video,0,
2026-07-02T21:35:03+00:00,2026-06-29,7545589531,video,0,
2026-07-02T21:35:19+00:00,2026-06-29,7845818180,video,0,
2026-07-02T21:37:10+00:00,2026-06-29,7845818180,video,1,7545589531
2026-07-02T21:37:46+00:00,2026-06-29,7545589531,video,0,
2026-07-02T21:38:02+00:00,2026-06-29,7845818180,video,0,
2026-07-02T21:44:16+00:00,2026-06-29,7545589531,video,1,7845818180
2026-07-03T00:47:01+00:00,2026-06-29,7545589531,video,0,
2026-07-03T02:08:08+00:00,2026-06-29,7545589531,video,0,
2026-07-03T12:34:38+00:00,2026-06-29,7374881586,video,0,
2026-07-03T12:44:19+00:00,2026-06-29,7545589531,video,0,
2026-07-03T12:45:27+00:00,2026-06-29,7545589531,video,0,
2026-07-03T15:20:39+00:00,2026-06-29,7545589531,video,0,
2026-07-03T15:25:14+00:00,2026-06-29,7545589531,video,0,
2026-07-03T15:32:13+00:00,2026-06-29,7508017555,video,1,7847453913
2026-07-03T15:33:33+00:00,2026-06-29,7508017555,video,1,7847453913
2026-07-03T15:34:45+00:00,2026-06-29,7508017555,video,0,
2026-07-03T15:36:29+00:00,2026-06-29,7508017555,video,0,
2026-07-03T15:36:51+00:00,2026-06-29,7508017555,video,0,
2026-07-03T15:41:33+00:00,2026-06-29,7508017555,video,1,7545589531
2026-07-03T15:42:37+00:00,2026-06-29,7508017555,video,0,
2026-07-03T15:43:41+00:00,2026-06-29,7508017555,video,0,
2026-07-03T15:44:06+00:00,2026-06-29,7508017555,video,0,
2026-07-03T20:04:25+00:00,2026-06-29,7845818180,video,0,
2026-07-03T21:17:06+00:00,2026-06-29,7508017555,text,1,7845818180
2026-07-03T21:21:01+00:00,2026-06-29,7508017555,video,1,7845818180
2026-07-03T21:21:42+00:00,2026-06-29,7508017555,video,0,
2026-07-03T21:25:33+00:00,2026-06-29,7508017555,video,1,7845818180
2026-07-04T00:34:13+00:00,2026-06-29,7545589531,video,0,
2026-07-04T01:25:06+00:00,2026-06-29,8115641770,video,0,
2026-07-04T01:26:12+00:00,2026-06-29,8115641770,video,0,
2026-07-04T01:27:17+00:00,2026-06-29,8115641770,video,0,
2026-07-04T01:28:33+00:00,2026-06-29,8115641770,video,1,7845818180
2026-07-04T01:29:56+00:00,2026-06-29,8115641770,video,1,7508017555
2026-07-04T01:30:19+00:00,2026-06-29,7845818180,video,1,8115641770
2026-07-04T01:32:41+00:00,2026-06-29,8115641770,video,1,7545589531
2026-07-04T01:52:08+00:00,2026-06-29,8115641770,video,0,
2026-07-04T01:52:52+00:00,2026-06-29,7545589531,video,1,8115641770
2026-07-04T01:54:04+00:00,2026-06-29,7545589531,video,1,8115641770
2026-07-04T01:56:11+00:00,2026-06-29,7545589531,video,0,
2026-07-04T01:56:15+00:00,2026-06-29,8115641770,video,1,7845818180
2026-07-04T01:57:15+00:00,2026-06-29,7545589531,video,0,
2026-07-04T02:05:57+00:00,2026-06-29,7545589531,voice,1,8115641770
2026-07-04T02:27:20+00:00,2026-06-29,7508017555,video,1,7545589531
2026-07-04T02:30:08+00:00,2026-06-29,7508017555,video,1,7545589531
2026-07-04T02:36:39+00:00,2026-06-29,7508017555,video,1,8115641770
2026-07-04T02:40:47+00:00,2026-06-29,7545589531,voice,1,7508017555
2026-07-04T02:50:48+00:00,2026-06-29,7508017555,voice,1,7545589531
2026-07-04T02:51:07+00:00,2026-06-29,7845818180,video,1,7508017555
2026-07-04T02:52:45+00:00,2026-06-29,7508017555,video,1,7845818180
2026-07-04T02:53:36+00:00,2026-06-29,7508017555,video,0,
2026-07-04T02:55:06+00:00,2026-06-29,7845818180,video,1,7508017555
2026-07-04T02:57:19+00:00,2026-06-29,7508017555,video,1,7845818180
2026-07-04T02:58:19+00:00,2026-06-29,7508017555,video,0,
2026-07-04T02:58:48+00:00,2026-06-29,7508017555,video,0,
2026-07-04T03:00:16+00:00,2026-06-29,7845818180,video,1,7508017555
2026-07-04T03:01:05+00:00,2026-06-29,7508017555,video,1,8115641770
2026-07-04T03:02:11+00:00,2026-06-29,7508017555,video,0,
2026-07-04T03:03:20+00:00,2026-06-29,7508017555,video,0,
2026-07-04T03:04:20+00:00,2026-06-29,7508017555,video,0,
2026-07-04T11:22:56+00:00,2026-06-29,7545589531,video,0,
2026-07-04T11:23:44+00:00,2026-06-29,7545589531,video,0,
2026-07-04T11:26:45+00:00,2026-06-29,7545589531,video,0,
2026-07-04T12:08:33+00:00,2026-06-29,7545589531,video,0,
2026-07-04T12:14:30+00:00,2026-06-29,7545589531,text,0,
2026-07-04T12:24:30+00:00,2026-06-29,7374881586,video,0,
2026-07-04T14:46:10+00:00,2026-06-29,7845818180,video,0,
2026-07-04T15:12:03+00:00,2026-06-29,7508017555,video,1,7845818180
2026-07-04T15:14:48+00:00,2026-06-29,7508017555,video,1,7545589531
2026-07-04T15:15:56+00:00,2026-06-29,7508017555,video,0,
2026-07-04T15:16:30+00:00,2026-06-29,7508017555,video,0,
2026-07-04T15:51:33+00:00,2026-06-29,7545589531,text,1,7508017555
2026-07-04T16:51:40+00:00,2026-06-29,7508017555,text,1,7545589531
2026-07-04T16:54:10+00:00,2026-06-29,7508017555,video,1,7545589531
2026-07-04T17:53:11+00:00,2026-06-29,7545589531,video,1,7508017555
2026-07-04T17:54:16+00:00,2026-06-29,7545589531,video,0,
2026-07-04T17:55:21+00:00,2026-06-29,7545589531,video,0,
2026-07-04T20:53:45+00:00,2026-06-29,7545589531,video,0,
2026-07-04T23:54:57+00:00,2026-06-29,7508017555,video,1,7545589531
2026-07-04T23:56:01+00:00,2026-06-29,7508017555,video,0,
2026-07-04T23:57:03+00:00,2026-06-29,7508017555,video,0,
2026-07-04T23:58:48+00:00,2026-06-29,7508017555,video,0,
2026-07-04T23:59:52+00:00,2026-06-29,7508017555,video,0,
2026-07-05T00:00:29+00:00,2026-06-29,7508017555,video,0,
2026-07-05T00:01:38+00:00,2026-06-29,7508017555,video,1,7545589531
2026-07-05T00:02:43+00:00,2026-06-29,7508017555,video,0,
2026-07-05T00:16:45+00:00,2026-06-29,8115641770,video,0,
2026-07-05T00:20:41+00:00,2026-06-29,8115641770,video,0,
2026-07-05T00:21:51+00:00,2026-06-29,8115641770,video,0,
2026-07-05T00:34:08+00:00,2026-06-29,7545589531,video,1,7508017555
2026-07-05T00:35:15+00:00,2026-06-29,7545589531,video,1,7508017555
2026-07-05T08:26:28+00:00,2026-06-29,8537175647,video,0,
2026-07-05T08:26:59+00:00,2026-06-29,8537175647,video,0,
2026-07-05T10:06:09+00:00,2026-06-29,7545589531,text,1,8537175647
2026-07-05T10:11:31+00:00,2026-06-29,8537175647,text,1,7545589531
2026-07-05T14:06:14+00:00,2026-06-29,7845818180,video,1,8537175647
2026-07-05T14:55:44+00:00,2026-06-29,7845818180,video,0,
2026-07-05T20:56:07+00:00,2026-06-29,8537175647,video,1,7845818180
2026-07-05T20:59:47+00:00,2026-06-29,8537175647,text,1,7845818180
2026-07-05T21:39:33+00:00,2026-06-29,7847453913,video,1,7334599398
2026-07-05T21:40:33+00:00,2026-06-29,7847453913,video,0,
2026-07-05T21:41:32+00:00,2026-06-29,7847453913,video,0,
2026-07-05T21:42:32+00:00,2026-06-29,7847453913,video,0,
2026-07-05T21:43:24+00:00,2026-06-29,7847453913,video,0,
2026-07-05T21:44:25+00:00,2026-06-29,7847453913,video,0,
2026-07-05T21:45:23+00:00,2026-06-29,7847453913,video,0,
2026-07-05T21:48:06+00:00,2026-06-29,7847453913,video,1,7545589531
2026-07-05T21:49:08+00:00,2026-06-29,7847453913,video,1,7545589531
2026-07-05T21:50:09+00:00,2026-06-29,7847453913,video,0,
2026-07-05T21:51:10+00:00,2026-06-29,7847453913,video,0,
2026-07-05T21:53:12+00:00,2026-06-29,7847453913,video,1,7545589531
2026-07-05T21:54:18+00:00,2026-06-29,7847453913,video,0,
2026-07-05T22:04:10+00:00,2026-06-29,7847453913,video,1,7545589531
2026-07-05T22:05:15+00:00,2026-06-29,7847453913,video,1,7545589531
2026-07-05T22:06:40+00:00,2026-06-29,7847453913,video,1,7374881586
2026-07-05T22:12:00+00:00,2026-06-29,7847453913,video,1,7508017555
2026-07-05T22:13:03+00:00,2026-06-29,7847453913,video,0,
2026-07-05T22:13:46+00:00,2026-06-29,7847453913,video,0,
2026-07-05T22:14:59+00:00,2026-06-29,7847453913,video,1,7508017555
2026-07-05T22:15:57+00:00,2026-06-29,7847453913,video,0,
2026-07-05T22:20:51+00:00,2026-06-29,7847453913,video,1,7845818180
2026-07-05T22:22:12+00:00,2026-06-29,7847453913,text,1,7508017555
2026-07-05T22:23:04+00:00,2026-06-29,7845818180,text,1,7847453913
2026-07-05T22:24:15+00:00,2026-06-29,7847453913,video,1,8115641770
2026-07-05T22:25:18+00:00,2026-06-29,7847453913,video,0,
2026-07-05T22:46:42+00:00,2026-06-29,7847453913,text,1,7545589531
2026-07-05T22:47:59+00:00,2026-06-29,7847453913,text,1,7845818180
2026-07-05T22:48:38+00:00,2026-06-29,7847453913,video,1,7508017555
2026-07-05T22:58:38+00:00,2026-06-29,7847453913,video,1,8537175647
2026-07-05T23:00:46+00:00,2026-06-29,7847453913,text,1,7845818180
2026-07-05T23:07:50+00:00,2026-06-29,7845818180,video,1,8537175647
2026-07-05T23:08:10+00:00,2026-06-29,7845818180,video,0,
2026-07-05T23:09:28+00:00,2026-06-29,7845818180,text,1,7847453913
2026-07-05T23:10:19+00:00,2026-06-29,7845818180,text,1,7847453913
2026-07-05T23:11:19+00:00,2026-06-29,7847453913,text,1,7508017555
2026-07-05T23:14:32+00:00,2026-06-29,7847453913,text,1,7508017555
2026-07-05T23:16:55+00:00,2026-06-29,7847453913,video,1,7508017555
2026-07-05T23:17:56+00:00,2026-06-29,7847453913,video,0,
2026-07-05T23:18:46+00:00,2026-06-29,7545589531,voice,1,7847453913
2026-07-05T23:18:58+00:00,2026-06-29,7847453913,video,0,
2026-07-05T23:19:51+00:00,2026-06-29,7847453913,video,0,
2026-07-05T23:22:45+00:00,2026-06-29,7847453913,video,1,7545589531
2026-07-05T23:23:43+00:00,2026-06-29,7847453913,video,0,
2026-07-05T23:25:31+00:00,2026-06-29,7545589531,voice,1,7847453913
2026-07-05T23:29:37+00:00,2026-06-29,7847453913,video,1,7545589531
2026-07-05T23:30:41+00:00,2026-06-29,7847453913,video,0,
2026-07-05T23:32:37+00:00,2026-06-29,7545589531,voice,1,7847453913
2026-07-05T23:32:54+00:00,2026-06-29,7847453913,text,1,7508017555
2026-07-05T23:36:26+00:00,2026-06-29,7847453913,voice,1,7545589531
2026-07-05T23:51:51+00:00,2026-06-29,7374881586,video,0,
2026-07-06T00:16:36+00:00,2026-07-06,7545589531,voice,1,7847453913
2026-07-06T00:55:29+00:00,2026-07-06,7545589531,video,0,
2026-07-06T02:45:32+00:00,2026-07-06,7508017555,voice,1,7847453913
2026-07-06T02:47:37+00:00,2026-07-06,7508017555,voice,1,8537175647
2026-07-06T02:48:31+00:00,2026-07-06,7508017555,voice,0,
2026-07-06T02:50:48+00:00,2026-07-06,7508017555,voice,1,7845818180
2026-07-06T03:03:21+00:00,2026-07-06,7508017555,voice,1,7847453913
2026-07-06T03:04:26+00:00,2026-07-06,7508017555,voice,0,
2026-07-06T08:32:00+00:00,2026-07-06,8537175647,voice,1,7847453913
2026-07-06T08:33:57+00:00,2026-07-06,8537175647,voice,0,
2026-07-06T08:37:10+00:00,2026-07-06,8537175647,voice,0,
2026-07-06T08:37:27+00:00,2026-07-06,8537175647,text,0,
2026-07-06T08:39:55+00:00,2026-07-06,8537175647,text,0,
2026-07-06T12:53:28+00:00,2026-07-06,7545589531,video,0,
2026-07-06T13:03:17+00:00,2026-07-06,8115641770,video,0,
2026-07-06T14:23:14+00:00,2026-07-06,7845818180,video,1,8115641770
2026-07-06T14:24:22+00:00,2026-07-06,7845818180,voice,1,8537175647
2026-07-06T14:24:49+00:00,2026-07-06,7845818180,text,1,7508017555
2026-07-06T14:25:55+00:00,2026-07-06,7845818180,video,1,7508017555
2026-07-06T21:29:30+00:00,2026-07-06,7508017555,video,1,7845818180
2026-07-06T21:30:19+00:00,2026-07-06,7508017555,video,0,
2026-07-06T21:31:44+00:00,2026-07-06,7508017555,video,0,
2026-07-06T21:32:49+00:00,2026-07-06,7508017555,video,0,
2026-07-06T21:33:31+00:00,2026-07-06,7508017555,video,0,
2026-07-06T21:39:21+00:00,2026-07-06,7508017555,video,1,7847453913
2026-07-06T21:39:23+00:00,2026-07-06,7845818180,video,1,7508017555
2026-07-06T21:40:10+00:00,2026-07-06,7508017555,video,0,
2026-07-06T21:42:14+00:00,2026-07-06,7508017555,video,1,7845818180
2026-07-06T21:43:23+00:00,2026-07-06,7508017555,video,0,
2026-07-06T21:44:29+00:00,2026-07-06,7508017555,video,0,
2026-07-06T21:45:32+00:00,2026-07-06,7508017555,video,0,
2026-07-06T21:46:02+00:00,2026-07-06,7508017555,video,0,
2026-07-06T22:13:59+00:00,2026-07-06,7508017555,video,1,7847453913
2026-07-06T22:15:11+00:00,2026-07-06,7508017555,video,0,
2026-07-06T22:17:18+00:00,2026-07-06,7508017555,video,0,
2026-07-06T22:21:40+00:00,2026-07-06,7508017555,voice,0,
2026-07-06T22:22:49+00:00,2026-07-06,7508017555,video,0,
2026-07-06T22:23:57+00:00,2026-07-06,7508017555,video,0,
2026-07-06T22:57:07+00:00,2026-07-06,7845818180,video,0,
2026-07-06T23:00:18+00:00,2026-07-06,8537175647,text,1,7845818180
2026-07-06T23:44:51+00:00,2026-07-06,7508017555,video,1,7845818180
2026-07-07T00:01:18+00:00,2026-07-06,7508017555,text,1,8537175647
2026-07-07T00:03:36+00:00,2026-07-06,7508017555,voice,1,8537175647
2026-07-07T00:08:06+00:00,2026-07-06,7508017555,voice,1,7545589531
2026-07-07T01:18:50+00:00,2026-07-06,7545589531,voice,1,7508017555
2026-07-07T10:13:04+00:00,2026-07-06,7545589531,video,0,
2026-07-07T18:28:36+00:00,2026-07-06,7845818180,video,0,
2026-07-07T19:07:04+00:00,2026-07-06,8537175647,voice,1,7508017555
2026-07-07T21:56:48+00:00,2026-07-06,7847453913,voice,1,7508017555
2026-07-07T22:00:36+00:00,2026-07-06,7847453913,voice,1,7508017555
2026-07-07T22:01:14+00:00,2026-07-06,7847453913,text,1,7508017555
2026-07-07T22:04:16+00:00,2026-07-06,7847453913,voice,1,7508017555
2026-07-07T22:05:48+00:00,2026-07-06,7847453913,voice,1,7508017555
2026-07-07T22:08:20+00:00,2026-07-06,7508017555,voice,1,8537175647
2026-07-07T22:10:07+00:00,2026-07-06,7847453913,voice,1,7508017555
2026-07-07T22:12:16+00:00,2026-07-06,7847453913,text,1,8537175647
2026-07-07T22:16:11+00:00,2026-07-06,7847453913,text,1,8700065503
2026-07-07T22:17:10+00:00,2026-07-06,7847453913,other,0,
2026-07-07T22:20:26+00:00,2026-07-06,7847453913,voice,1,7508017555
2026-07-07T22:24:47+00:00,2026-07-06,7847453913,video,1,7508017555
2026-07-07T22:25:48+00:00,2026-07-06,7847453913,video,0,
2026-07-07T22:27:38+00:00,2026-07-06,7847453913,video,1,7508017555
2026-07-07T22:28:38+00:00,2026-07-06,7847453913,video,0,
2026-07-07T22:31:09+00:00,2026-07-06,7847453913,video,1,7508017555
2026-07-07T22:43:33+00:00,2026-07-06,7374881586,video,0,
2026-07-07T22:44:46+00:00,2026-07-06,7374881586,video,1,7508017555
2026-07-07T22:45:41+00:00,2026-07-06,7374881586,video,1,7845818180
2026-07-07T22:46:16+00:00,2026-07-06,7847453913,video,1,7374881586
2026-07-07T22:46:41+00:00,2026-07-06,7847453913,video,0,
2026-07-07T22:58:08+00:00,2026-07-06,7508017555,text,1,7847453913
2026-07-07T23:01:25+00:00,2026-07-06,7508017555,voice,1,7847453913
2026-07-07T23:08:35+00:00,2026-07-06,7508017555,video,1,7847453913
2026-07-07T23:12:58+00:00,2026-07-06,7508017555,video,0,
2026-07-07T23:19:31+00:00,2026-07-06,7508017555,text,1,7847453913
2026-07-08T06:24:15+00:00,2026-07-06,7334599398,video,0,
2026-07-08T09:48:19+00:00,2026-07-06,8537175647,text,1,7847453913
2026-07-08T09:54:40+00:00,2026-07-06,8537175647,voice,1,7508017555
2026-07-08T09:58:54+00:00,2026-07-06,8537175647,text,0,
2026-07-08T09:59:27+00:00,2026-07-06,8537175647,text,0,
2026-07-08T11:02:06+00:00,2026-07-06,7545589531,video,0,
2026-07-08T12:28:36+00:00,2026-07-06,7374881586,video,0,
2026-07-08T13:35:16+00:00,2026-07-06,7845818180,video,0,
2026-07-08T13:36:41+00:00,2026-07-06,7845818180,video,1,7334599398
2026-07-08T13:38:21+00:00,2026-07-06,7845818180,video,0,
2026-07-08T15:35:28+00:00,2026-07-06,7845818180,video,1,7374881586
2026-07-08T21:44:00+00:00,2026-07-06,7508017555,video,1,7845818180
2026-07-08T21:44:46+00:00,2026-07-06,7508017555,video,0,
2026-07-08T21:58:34+00:00,2026-07-06,7374881586,text,1,7845818180
2026-07-08T22:00:34+00:00,2026-07-06,7374881586,voice,1,7845818180
2026-07-08T22:18:00+00:00,2026-07-06,7508017555,video,1,7374881586
2026-07-09T00:52:05+00:00,2026-07-06,8115641770,video,0,
2026-07-09T01:23:46+00:00,2026-07-06,8115641770,video,0,
2026-07-09T01:27:07+00:00,2026-07-06,8115641770,video,0,
2026-07-09T01:32:45+00:00,2026-07-06,8115641770,other,1,8700065503
2026-07-09T01:40:18+00:00,2026-07-06,8115641770,video,1,8700065503
2026-07-09T01:43:08+00:00,2026-07-06,8115641770,video,1,8700065503
2026-07-09T03:34:11+00:00,2026-07-06,7508017555,video,1,7845818180
2026-07-09T14:20:53+00:00,2026-07-06,7545589531,video,0,
2026-07-09T14:49:54+00:00,2026-07-06,7845818180,video,0,
2026-07-09T15:10:10+00:00,2026-07-06,7508017555,video,1,7545589531
2026-07-09T15:12:00+00:00,2026-07-06,7508017555,video,1,7845818180
2026-07-09T15:13:36+00:00,2026-07-06,7508017555,video,1,7545589531
2026-07-09T15:14:11+00:00,2026-07-06,7508017555,other,0,
2026-07-09T16:33:46+00:00,2026-07-06,7508017555,voice,1,8700065503
2026-07-09T16:43:34+00:00,2026-07-06,7508017555,voice,1,8700065503
2026-07-09T16:49:12+00:00,2026-07-06,7508017555,video,1,7845818180
2026-07-09T17:44:42+00:00,2026-07-06,7545589531,video,1,7508017555
2026-07-09T17:45:19+00:00,2026-07-06,7545589531,video,0,
2026-07-09T18:16:23+00:00,2026-07-06,7334599398,video,1,7845818180
2026-07-09T22:08:04+00:00,2026-07-06,7545589531,video,1,7508017555
2026-07-09T22:24:35+00:00,2026-07-06,7847453913,text,1,7508017555
2026-07-09T22:25:18+00:00,2026-07-06,7847453913,text,1,7508017555
2026-07-09T22:26:45+00:00,2026-07-06,7847453913,video,1,7508017555
2026-07-09T22:28:32+00:00,2026-07-06,7847453913,video,1,7508017555
2026-07-09T22:29:31+00:00,2026-07-06,7847453913,video,0,
2026-07-09T22:30:18+00:00,2026-07-06,7847453913,video,0,
2026-07-09T22:44:06+00:00,2026-07-06,7847453913,voice,1,8537175647
2026-07-09T22:48:17+00:00,2026-07-06,7847453913,voice,1,8700065503
2026-07-09T22:50:26+00:00,2026-07-06,7847453913,video,1,7845818180
2026-07-09T23:24:02+00:00,2026-07-06,7374881586,video,0,
2026-07-10T13:56:09+00:00,2026-07-06,7845818180,video,0,
2026-07-10T13:57:12+00:00,2026-07-06,7845818180,video,1,7847453913
2026-07-10T13:59:40+00:00,2026-07-06,7845818180,video,1,7334599398
2026-07-10T14:01:42+00:00,2026-07-06,7845818180,video,1,7508017555
2026-07-10T14:02:58+00:00,2026-07-06,7845818180,video,1,7508017555
2026-07-10T14:04:03+00:00,2026-07-06,7845818180,video,1,7508017555
2026-07-10T14:05:27+00:00,2026-07-06,7845818180,video,1,7374881586
2026-07-10T14:42:34+00:00,2026-07-06,7508017555,text,1,7847453913
2026-07-10T18:26:24+00:00,2026-07-06,7545589531,video,0,
2026-07-11T08:38:41+00:00,2026-07-06,8537175647,video,0,
2026-07-11T12:40:57+00:00,2026-07-06,7847453913,video,0,
2026-07-11T14:46:30+00:00,2026-07-06,7508017555,video,0,
2026-07-11T14:47:35+00:00,2026-07-06,7508017555,video,1,7847453913
2026-07-11T16:07:36+00:00,2026-07-06,7374881586,video,0,
2026-07-11T16:12:42+00:00,2026-07-06,7374881586,video,1,8700065503
2026-07-11T16:14:08+00:00,2026-07-06,7374881586,video,0,
2026-07-11T16:24:39+00:00,2026-07-06,7374881586,video,1,7845818180
2026-07-11T16:27:07+00:00,2026-07-06,7374881586,video,1,7508017555
2026-07-11T22:01:24+00:00,2026-07-06,7508017555,video,1,7545589531
2026-07-11T22:01:31+00:00,2026-07-06,7508017555,video,0,
2026-07-11T22:03:34+00:00,2026-07-06,7508017555,video,1,7845818180
2026-07-11T22:25:19+00:00,2026-07-06,7845818180,video,1,7508017555
2026-07-11T22:26:04+00:00,2026-07-06,7845818180,video,0,
2026-07-11T22:28:07+00:00,2026-07-06,7845818180,video,0,
2026-07-11T22:28:34+00:00,2026-07-06,7845818180,video,0,
2026-07-11T22:33:12+00:00,2026-07-06,7845818180,video,1,7847453913
2026-07-11T22:52:21+00:00,2026-07-06,7508017555,text,1,7845818180
2026-07-11T22:53:40+00:00,2026-07-06,7508017555,video,1,7845818180
2026-07-11T22:54:11+00:00,2026-07-06,7508017555,video,0,
2026-07-11T22:56:28+00:00,2026-07-06,7508017555,video,1,8537175647
2026-07-11T23:58:35+00:00,2026-07-06,7545589531,video,1,7508017555
2026-07-11T23:59:49+00:00,2026-07-06,7545589531,video,1,7508017555
2026-07-12T08:49:28+00:00,2026-07-06,8537175647,video,1,7508017555
2026-07-12T08:50:39+00:00,2026-07-06,8537175647,video,1,7508017555
2026-07-12T08:51:17+00:00,2026-07-06,8537175647,video,0,
2026-07-12T09:02:44+00:00,2026-07-06,8537175647,video,1,8700065503
2026-07-12T16:33:32+00:00,2026-07-06,7545589531,video,0,
2026-07-12T16:59:59+00:00,2026-07-06,7845818180,video,0,
2026-07-12T17:01:23+00:00,2026-07-06,7845818180,video,1,8700065503
2026-07-12T17:02:16+00:00,2026-07-06,7845818180,video,0,
2026-07-12T17:04:32+00:00,2026-07-06,7845818180,video,1,8700065503
2026-07-12T17:05:13+00:00,2026-07-06,7845818180,video,0,
2026-07-12T17:06:11+00:00,2026-07-06,7845818180,video,0,
2026-07-12T18:54:16+00:00,2026-07-06,7508017555,video,0,
2026-07-12T19:26:10+00:00,2026-07-06,8115641770,video,0,
2026-07-12T23:38:53+00:00,2026-07-06,7508017555,text,0,
2026-07-13T06:34:54+00:00,2026-07-13,7334599398,video,0,
2026-07-13T08:22:31+00:00,2026-07-13,8537175647,video,1,7334599398
2026-07-13T16:56:45+00:00,2026-07-13,7845818180,video,0,
2026-07-13T16:58:31+00:00,2026-07-13,7845818180,video,1,7508017555
2026-07-13T22:58:45+00:00,2026-07-13,7847453913,other,0,
2026-07-13T22:59:59+00:00,2026-07-13,7847453913,text,1,8700065503
2026-07-13T23:02:04+00:00,2026-07-13,7845818180,text,1,7847453913
2026-07-13T23:04:01+00:00,2026-07-13,7847453913,video,1,7508017555
2026-07-13T23:05:04+00:00,2026-07-13,7847453913,video,1,7508017555
2026-07-13T23:06:11+00:00,2026-07-13,7847453913,video,1,7508017555
2026-07-13T23:06:27+00:00,2026-07-13,7374881586,video,0,
2026-07-13T23:08:29+00:00,2026-07-13,7847453913,video,1,7374881586
2026-07-13T23:14:52+00:00,2026-07-13,7847453913,video,1,7845818180
2026-07-13T23:18:08+00:00,2026-07-13,7845818180,video,1,7847453913
2026-07-13T23:18:52+00:00,2026-07-13,7847453913,video,1,8537175647
2026-07-13T23:24:47+00:00,2026-07-13,7847453913,video,1,7508017555
2026-07-13T23:26:34+00:00,2026-07-13,7508017555,voice,0,
2026-07-13T23:26:39+00:00,2026-07-13,7508017555,other,0,
2026-07-13T23:26:40+00:00,2026-07-13,7508017555,video,1,7845818180
2026-07-13T23:27:06+00:00,2026-07-13,7847453913,video,1,8115641770
2026-07-13T23:28:06+00:00,2026-07-13,7847453913,video,0,
2026-07-13T23:30:11+00:00,2026-07-13,7847453913,video,1,7845818180
2026-07-13T23:31:02+00:00,2026-07-13,7847453913,video,0,
2026-07-13T23:32:32+00:00,2026-07-13,7508017555,voice,1,7847453913
2026-07-13T23:33:28+00:00,2026-07-13,7847453913,video,1,7845818180
2026-07-13T23:35:26+00:00,2026-07-13,7847453913,video,1,7508017555
2026-07-13T23:35:54+00:00,2026-07-13,7845818180,video,1,7847453913
2026-07-13T23:36:25+00:00,2026-07-13,7845818180,video,0,
2026-07-13T23:36:28+00:00,2026-07-13,7847453913,video,0,
2026-07-13T23:37:04+00:00,2026-07-13,7847453913,voice,0,
2026-07-13T23:40:40+00:00,2026-07-13,7847453913,text,1,7508017555
2026-07-13T23:40:53+00:00,2026-07-13,7508017555,voice,0,
2026-07-13T23:42:02+00:00,2026-07-13,7847453913,text,1,7845818180
2026-07-13T23:43:28+00:00,2026-07-13,7847453913,video,1,7845818180
2026-07-13T23:44:45+00:00,2026-07-13,7845818180,video,1,7847453913
2026-07-14T00:00:15+00:00,2026-07-13,7508017555,video,1,8537175647
2026-07-14T00:00:52+00:00,2026-07-13,7508017555,video,0,
2026-07-14T00:01:24+00:00,2026-07-13,7508017555,video,0,
2026-07-14T00:02:13+00:00,2026-07-13,7508017555,video,0,
2026-07-14T00:03:20+00:00,2026-07-13,7508017555,video,0,
2026-07-14T00:04:33+00:00,2026-07-13,7508017555,video,0,
2026-07-14T00:05:18+00:00,2026-07-13,7847453913,text,0,
2026-07-14T00:05:34+00:00,2026-07-13,7508017555,video,1,7845818180
2026-07-14T00:09:21+00:00,2026-07-13,7508017555,video,0,
2026-07-14T00:13:36+00:00,2026-07-13,7508017555,text,1,7847453913
2026-07-14T00:21:09+00:00,2026-07-13,7847453913,text,1,7508017555
2026-07-14T00:21:35+00:00,2026-07-13,7508017555,video,1,7847453913
2026-07-14T00:21:36+00:00,2026-07-13,7508017555,video,0,
2026-07-14T00:23:40+00:00,2026-07-13,7508017555,video,1,7847453913
2026-07-14T00:28:19+00:00,2026-07-13,7508017555,video,1,7847453913
2026-07-14T00:31:22+00:00,2026-07-13,7508017555,text,1,7847453913
2026-07-14T00:34:13+00:00,2026-07-13,7508017555,video,1,7845818180
2026-07-14T00:34:21+00:00,2026-07-13,7508017555,video,0,
2026-07-14T00:46:00+00:00,2026-07-13,7508017555,other,0,
2026-07-14T00:46:49+00:00,2026-07-13,7508017555,text,0,
2026-07-14T00:54:36+00:00,2026-07-13,7545589531,video,0,
2026-07-14T06:20:09+00:00,2026-07-13,7334599398,voice,1,8537175647
2026-07-14T06:20:28+00:00,2026-07-13,7334599398,video,0,
2026-07-14T07:46:24+00:00,2026-07-13,8537175647,video,1,7847453913
2026-07-14T08:31:29+00:00,2026-07-13,8537175647,video,1,7508017555
2026-07-14T08:33:07+00:00,2026-07-13,8537175647,video,1,7508017555
2026-07-14T19:40:46+00:00,2026-07-13,7845818180,video,0,
2026-07-14T19:41:46+00:00,2026-07-13,7845818180,video,1,7334599398
2026-07-14T19:43:22+00:00,2026-07-13,7845818180,video,1,7545589531
2026-07-14T19:43:49+00:00,2026-07-13,7845818180,video,1,7545589531
2026-07-14T21:25:35+00:00,2026-07-13,7847453913,text,0,
2026-07-14T21:26:22+00:00,2026-07-13,7847453913,text,0,
2026-07-14T23:57:37+00:00,2026-07-13,7545589531,video,1,7845818180
2026-07-14T23:58:50+00:00,2026-07-13,7545589531,video,1,7845818180
2026-07-15T00:19:42+00:00,2026-07-13,7508017555,text,1,7847453913
2026-07-15T00:30:43+00:00,2026-07-13,7508017555,video,1,7845818180
2026-07-15T00:58:52+00:00,2026-07-13,7508017555,other,0,
2026-07-15T15:57:32+00:00,2026-07-13,7545589531,video,0,
2026-07-15T16:11:40+00:00,2026-07-13,7508017555,video,1,7545589531
2026-07-15T16:13:19+00:00,2026-07-13,7508017555,video,1,8700065503
2026-07-15T16:13:59+00:00,2026-07-13,7508017555,video,0,
2026-07-15T17:50:30+00:00,2026-07-13,8537175647,video,0,
2026-07-15T18:00:01+00:00,2026-07-13,7508017555,video,1,8537175647
2026-07-15T19:27:19+00:00,2026-07-13,8537175647,video,1,7508017555
2026-07-15T21:27:14+00:00,2026-07-13,7374881586,voice,1,8700065503
2026-07-15T22:39:16+00:00,2026-07-13,7508017555,video,1,8537175647
2026-07-15T23:20:12+00:00,2026-07-13,7845818180,video,0,
2026-07-15T23:21:15+00:00,2026-07-13,7845818180,video,1,7508017555
2026-07-15T23:23:28+00:00,2026-07-13,7845818180,video,1,7545589531
2026-07-15T23:27:04+00:00,2026-07-13,7845818180,video,1,7508017555
2026-07-15T23:27:17+00:00,2026-07-13,7845818180,video,0,
2026-07-16T06:18:42+00:00,2026-07-13,7508017555,text,1,7845818180
2026-07-16T06:22:13+00:00,2026-07-13,7508017555,voice,1,7845818180
2026-07-16T06:26:19+00:00,2026-07-13,7334599398,video,1,7845818180
2026-07-16T06:28:57+00:00,2026-07-13,7508017555,voice,1,7334599398
2026-07-16T06:34:35+00:00,2026-07-13,7508017555,voice,1,8700065503
2026-07-16T11:13:03+00:00,2026-07-13,8537175647,video,1,7508017555
2026-07-16T11:32:37+00:00,2026-07-13,7545589531,voice,1,7508017555
2026-07-16T11:33:12+00:00,2026-07-13,7545589531,voice,0,
2026-07-16T11:34:21+00:00,2026-07-13,7545589531,video,0,
2026-07-16T14:38:50+00:00,2026-07-13,7845818180,video,0,
2026-07-16T14:39:26+00:00,2026-07-13,7508017555,video,0,
2026-07-16T14:58:51+00:00,2026-07-13,7508017555,video,0,
2026-07-16T14:58:55+00:00,2026-07-13,7508017555,video,1,8537175647
2026-07-16T14:58:58+00:00,2026-07-13,7508017555,video,0,
2026-07-16T14:59:01+00:00,2026-07-13,7508017555,video,0,
2026-07-16T22:42:36+00:00,2026-07-13,7847453913,video,1,7508017555
2026-07-16T23:38:43+00:00,2026-07-13,7847453913,video,1,7508017555
2026-07-16T23:40:26+00:00,2026-07-13,7847453913,video,1,7508017555
2026-07-16T23:41:45+00:00,2026-07-13,7847453913,video,0,
2026-07-16T23:42:37+00:00,2026-07-13,7847453913,video,0,
2026-07-16T23:44:53+00:00,2026-07-13,7847453913,text,1,7508017555
2026-07-16T23:48:23+00:00,2026-07-13,7847453913,video,1,8537175647
2026-07-16T23:56:56+00:00,2026-07-13,7847453913,voice,1,8700065503
2026-07-16T23:57:58+00:00,2026-07-13,7847453913,voice,0,
2026-07-17T00:19:52+00:00,2026-07-13,7508017555,video,0,
2026-07-17T00:19:53+00:00,2026-07-13,7508017555,video,1,7847453913
2026-07-17T00:20:30+00:00,2026-07-13,7508017555,video,0,
2026-07-17T00:33:52+00:00,2026-07-13,7508017555,voice,0,
2026-07-17T16:53:31+00:00,2026-07-13,7508017555,other,0,
2026-07-17T16:59:04+00:00,2026-07-13,8537175647,video,1,7508017555
2026-07-17T17:00:54+00:00,2026-07-13,8537175647,video,1,7847453913
2026-07-17T21:30:31+00:00,2026-07-13,7845818180,video,0,
2026-07-17T22:52:07+00:00,2026-07-13,7508017555,video,1,8537175647
2026-07-17T22:52:58+00:00,2026-07-13,7508017555,video,0,
2026-07-17T22:54:20+00:00,2026-07-13,7508017555,video,1,7845818180
2026-07-17T22:54:40+00:00,2026-07-13,7508017555,video,0,
2026-07-17T22:55:24+00:00,2026-07-13,7508017555,video,0,
2026-07-17T22:58:14+00:00,2026-07-13,7508017555,video,0,
2026-07-17T22:59:14+00:00,2026-07-13,7508017555,video,0,
2026-07-18T15:09:20+00:00,2026-07-13,7845818180,video,1,7508017555
2026-07-18T15:14:34+00:00,2026-07-13,7845818180,video,1,8700065503
2026-07-18T15:15:43+00:00,2026-07-13,7845818180,video,1,8700065503
2026-07-18T17:25:40+00:00,2026-07-13,7334599398,video,0,
2026-07-18T19:32:41+00:00,2026-07-13,7847453913,video,1,7508017555
2026-07-18T19:33:41+00:00,2026-07-13,7847453913,video,0,
2026-07-18T19:34:39+00:00,2026-07-13,7847453913,video,0,
2026-07-18T19:35:36+00:00,2026-07-13,7847453913,video,0,
2026-07-18T19:44:41+00:00,2026-07-13,7847453913,voice,1,7508017555
2026-07-18T19:46:00+00:00,2026-07-13,7847453913,video,1,8537175647
2026-07-18T19:48:39+00:00,2026-07-13,7847453913,video,1,7508017555
2026-07-18T23:37:26+00:00,2026-07-13,7508017555,video,0,
2026-07-18T23:38:26+00:00,2026-07-13,7508017555,video,0,
2026-07-18T23:41:08+00:00,2026-07-13,7508017555,video,1,7847453913
2026-07-18T23:48:01+00:00,2026-07-13,7508017555,voice,1,7847453913
2026-07-18T23:51:04+00:00,2026-07-13,7508017555,voice,1,7847453913
2026-07-19T00:32:33+00:00,2026-07-13,7508017555,video,0,
2026-07-19T00:33:45+00:00,2026-07-13,7508017555,video,1,7845818180
2026-07-19T00:41:15+00:00,2026-07-13,7508017555,video,0,
2026-07-19T00:41:51+00:00,2026-07-13,7508017555,video,0,
2026-07-19T08:58:35+00:00,2026-07-13,8537175647,video,0,
2026-07-19T13:04:38+00:00,2026-07-13,7374881586,video,0,
2026-07-19T19:53:49+00:00,2026-07-13,8537175647,other,0,
2026-07-19T19:53:50+00:00,2026-07-13,8537175647,other,0,
2026-07-19T19:55:20+00:00,2026-07-13,8537175647,other,0,
2026-07-19T19:55:21+00:00,2026-07-13,8537175647,other,0,
2026-07-19T19:55:37+00:00,2026-07-13,8537175647,text,0,
2026-07-19T22:06:40+00:00,2026-07-13,8537175647,text,0,
2026-07-19T23:19:41+00:00,2026-07-13,7847453913,text,1,8537175647
2026-07-19T23:21:28+00:00,2026-07-13,7508017555,text,1,7847453913
2026-07-19T23:22:50+00:00,2026-07-13,7847453913,text,1,7508017555
2026-07-20T18:48:22+00:00,2026-07-20,7545589531,video,0,
2026-07-20T18:52:37+00:00,2026-07-20,7545589531,video,0,
2026-07-20T18:54:52+00:00,2026-07-20,7545589531,video,0,
2026-07-20T19:09:28+00:00,2026-07-20,8537175647,video,0,
2026-07-20T19:12:37+00:00,2026-07-20,7847453913,video,1,7508017555
2026-07-20T19:21:23+00:00,2026-07-20,7847453913,voice,1,7508017555
2026-07-20T19:25:03+00:00,2026-07-20,7847453913,voice,1,7508017555
2026-07-20T19:27:19+00:00,2026-07-20,7508017555,other,1,7545589531
2026-07-20T19:30:41+00:00,2026-07-20,7847453913,voice,1,7508017555
2026-07-20T19:34:13+00:00,2026-07-20,7847453913,video,1,7374881586
2026-07-20T19:35:35+00:00,2026-07-20,7847453913,text,0,
2026-07-20T19:38:08+00:00,2026-07-20,7847453913,other,0,
2026-07-20T19:41:37+00:00,2026-07-20,7847453913,video,1,7545589531
2026-07-20T19:56:22+00:00,2026-07-20,7847453913,voice,1,8537175647
2026-07-20T20:01:44+00:00,2026-07-20,8537175647,voice,1,7847453913
2026-07-20T20:52:54+00:00,2026-07-20,7845818180,video,0,
2026-07-20T20:53:43+00:00,2026-07-20,7845818180,voice,1,7847453913
2026-07-20T20:56:30+00:00,2026-07-20,7334599398,voice,1,7845818180
2026-07-20T20:57:17+00:00,2026-07-20,7334599398,text,1,7847453913
2026-07-20T20:57:45+00:00,2026-07-20,7845818180,voice,1,7334599398
2026-07-20T20:57:46+00:00,2026-07-20,7334599398,text,1,7847453913
2026-07-20T20:58:38+00:00,2026-07-20,7334599398,voice,1,7845818180
2026-07-20T21:04:03+00:00,2026-07-20,7508017555,video,1,7545589531
2026-07-20T21:04:39+00:00,2026-07-20,7508017555,video,0,
2026-07-20T21:05:48+00:00,2026-07-20,7508017555,video,0,
2026-07-20T21:06:47+00:00,2026-07-20,7508017555,video,0,
2026-07-20T21:14:07+00:00,2026-07-20,7508017555,video,1,8537175647
2026-07-20T21:15:03+00:00,2026-07-20,7508017555,video,0,
2026-07-20T21:16:05+00:00,2026-07-20,7508017555,video,0,
2026-07-20T21:18:25+00:00,2026-07-20,7508017555,video,1,7374881586
2026-07-20T21:33:45+00:00,2026-07-20,7508017555,video,1,7847453913
2026-07-20T21:34:55+00:00,2026-07-20,7508017555,video,0,
2026-07-20T21:36:52+00:00,2026-07-20,7508017555,video,0,
2026-07-20T21:38:18+00:00,2026-07-20,7508017555,video,0,
2026-07-20T21:38:41+00:00,2026-07-20,7508017555,video,0,
2026-07-20T21:40:02+00:00,2026-07-20,7508017555,voice,1,7847453913
2026-07-20T21:41:29+00:00,2026-07-20,7508017555,voice,1,7847453913
2026-07-20T21:46:28+00:00,2026-07-20,7508017555,voice,1,7847453913
2026-07-20T21:46:35+00:00,2026-07-20,7508017555,voice,0,
2026-07-20T21:51:40+00:00,2026-07-20,7508017555,voice,1,7847453913
2026-07-20T22:55:47+00:00,2026-07-20,7545589531,video,1,7508017555
2026-07-20T22:56:58+00:00,2026-07-20,7545589531,video,1,7508017555
2026-07-20T22:58:14+00:00,2026-07-20,7545589531,video,1,7508017555
2026-07-20T22:59:28+00:00,2026-07-20,7545589531,video,1,7508017555
2026-07-20T23:00:09+00:00,2026-07-20,7545589531,video,1,7847453913
2026-07-21T03:52:01+00:00,2026-07-20,7508017555,text,0,
2026-07-21T11:38:01+00:00,2026-07-20,7545589531,video,0,
2026-07-21T12:38:06+00:00,2026-07-20,7545589531,video,0,
2026-07-21T16:08:50+00:00,2026-07-20,7508017555,video,1,7545589531
2026-07-21T18:57:59+00:00,2026-07-20,8537175647,video,1,7508017555
2026-07-21T21:45:54+00:00,2026-07-20,7847453913,voice,1,8537175647
2026-07-21T21:50:13+00:00,2026-07-20,7847453913,voice,1,7845818180
2026-07-21T21:50:58+00:00,2026-07-20,7847453913,text,1,7334599398
2026-07-21T21:51:39+00:00,2026-07-20,7847453913,text,1,7334599398
2026-07-21T22:02:23+00:00,2026-07-20,7847453913,voice,1,7508017555
2026-07-21T22:07:20+00:00,2026-07-20,7847453913,voice,1,7508017555
2026-07-21T22:09:29+00:00,2026-07-20,7847453913,voice,1,7508017555
2026-07-21T22:12:15+00:00,2026-07-20,7847453913,text,1,7508017555
2026-07-21T22:13:04+00:00,2026-07-20,7847453913,text,1,7508017555
2026-07-21T22:15:02+00:00,2026-07-20,7847453913,video,1,7545589531
2026-07-21T22:15:39+00:00,2026-07-20,7847453913,video,0,
2026-07-22T00:49:07+00:00,2026-07-20,7545589531,video,1,7508017555
2026-07-22T00:52:23+00:00,2026-07-20,7545589531,video,1,7847453913
2026-07-22T00:54:31+00:00,2026-07-20,7545589531,voice,1,7847453913
2026-07-22T01:48:01+00:00,2026-07-20,7545589531,video,1,7508017555
2026-07-23T16:49:46+00:00,2026-07-20,7508017555,video,1,8537175647
2026-07-23T17:00:23+00:00,2026-07-20,7508017555,video,1,7847453913
2026-07-23T17:00:43+00:00,2026-07-20,7508017555,video,0,
2026-07-23T17:00:54+00:00,2026-07-20,7508017555,video,0,
2026-07-23T17:01:38+00:00,2026-07-20,7508017555,video,0,
2026-07-23T17:02:42+00:00,2026-07-20,7508017555,video,0,
2026-07-23T17:03:08+00:00,2026-07-20,7508017555,video,0,
2026-07-23T19:26:56+00:00,2026-07-20,8537175647,text,1,7508017555
2026-07-23T19:38:12+00:00,2026-07-20,7847453913,video,0,
2026-07-23T19:42:39+00:00,2026-07-20,7847453913,voice,1,8700065503
2026-07-23T19:47:21+00:00,2026-07-20,7847453913,video,1,7508017555
2026-07-23T19:49:26+00:00,2026-07-20,7847453913,video,1,7508017555
2026-07-23T19:50:25+00:00,2026-07-20,7847453913,video,0,
2026-07-23T19:51:25+00:00,2026-07-20,7847453913,video,0,
2026-07-23T19:52:23+00:00,2026-07-20,7847453913,video,0,
2026-07-23T23:53:32+00:00,2026-07-20,7508017555,video,1,7847453913
2026-07-23T23:54:34+00:00,2026-07-20,7508017555,video,0,
2026-07-23T23:55:42+00:00,2026-07-20,7508017555,video,0,
2026-07-23T23:56:45+00:00,2026-07-20,7508017555,video,0,
2026-07-24T16:16:56+00:00,2026-07-20,7845818180,video,0,
2026-07-24T20:03:23+00:00,2026-07-20,7508017555,video,1,7845818180
2026-07-24T22:22:44+00:00,2026-07-20,7845818180,video,1,7508017555
2026-07-25T14:25:11+00:00,2026-07-20,7845818180,video,0,
2026-07-25T17:46:50+00:00,2026-07-20,7545589531,video,1,7845818180
2026-07-25T18:21:04+00:00,2026-07-20,7334599398,video,0,
2026-07-25T18:31:23+00:00,2026-07-20,7545589531,video,1,7334599398
2026-07-25T18:32:55+00:00,2026-07-20,7334599398,voice,1,7545589531
2026-07-25T18:34:36+00:00,2026-07-20,7545589531,video,1,7508017555
2026-07-25T18:38:40+00:00,2026-07-20,7545589531,voice,1,7334599398
2026-07-25T23:29:24+00:00,2026-07-20,7845818180,video,1,7545589531
2026-07-26T03:09:16+00:00,2026-07-20,7508017555,voice,1,7845818180
2026-07-26T03:12:12+00:00,2026-07-20,7508017555,voice,1,8700065503
2026-07-26T03:17:23+00:00,2026-07-20,7508017555,voice,0,
2026-07-26T03:20:06+00:00,2026-07-20,7508017555,voice,0,
2026-07-26T03:21:14+00:00,2026-07-20,7508017555,voice,1,7845818180
2026-07-26T03:26:36+00:00,2026-07-20,7508017555,voice,1,7545589531
2026-07-26T03:30:17+00:00,2026-07-20,7508017555,voice,0,
2026-07-26T09:11:14+00:00,2026-07-20,7334599398,text,1,7545589531
2026-07-26T11:48:53+00:00,2026-07-20,7545589531,video,1,7845818180
2026-07-26T11:50:04+00:00,2026-07-20,7545589531,video,1,7845818180
2026-07-26T11:52:32+00:00,2026-07-20,7545589531,voice,1,7508017555
2026-07-26T11:57:23+00:00,2026-07-20,7545589531,voice,1,7508017555
2026-07-26T16:52:56+00:00,2026-07-20,7845818180,video,0,
2026-07-26T16:54:29+00:00,2026-07-20,7845818180,video,1,7545589531
2026-07-26T16:55:06+00:00,2026-07-20,7845818180,video,0,
2026-07-27T14:45:11+00:00,2026-07-27,7374881586,video,0,
2026-07-27T14:46:14+00:00,2026-07-27,7374881586,video,0,
2026-07-27T14:47:06+00:00,2026-07-27,7374881586,video,0,
2026-07-27T14:50:04+00:00,2026-07-27,7845818180,video,1,7374881586
2026-07-27T14:50:35+00:00,2026-07-27,7845818180,video,0,
2026-07-27T17:50:51+00:00,2026-07-27,8537175647,video,0,
2026-07-27T17:52:17+00:00,2026-07-27,8537175647,video,0,
2026-07-27T17:53:00+00:00,2026-07-27,8537175647,video,0,
2026-07-27T18:26:51+00:00,2026-07-27,7334599398,video,0,
2026-07-27T18:27:33+00:00,2026-07-27,7334599398,voice,1,8537175647
2026-07-27T18:28:48+00:00,2026-07-27,7334599398,voice,1,7845818180
2026-07-27T18:30:51+00:00,2026-07-27,8537175647,voice,1,7334599398
2026-07-27T18:32:09+00:00,2026-07-27,7334599398,voice,1,8537175647
2026-07-27T18:37:55+00:00,2026-07-27,8537175647,text,1,7334599398
2026-07-27T18:54:11+00:00,2026-07-27,7334599398,text,1,8537175647
2026-07-27T22:27:43+00:00,2026-07-27,7508017555,video,1,7845818180
2026-07-27T22:34:56+00:00,2026-07-27,7508017555,video,1,7845818180
2026-07-27T22:38:38+00:00,2026-07-27,7508017555,video,1,7334599398
2026-07-27T22:40:14+00:00,2026-07-27,7508017555,video,0,
2026-07-27T22:41:02+00:00,2026-07-27,7508017555,video,0,
2026-07-27T22:41:53+00:00,2026-07-27,7508017555,video,0,
2026-07-27T22:46:30+00:00,2026-07-27,7508017555,video,1,8700065503
2026-07-27T22:46:36+00:00,2026-07-27,7845818180,video,1,7508017555
2026-07-27T22:47:33+00:00,2026-07-27,7508017555,video,0,
2026-07-27T22:49:14+00:00,2026-07-27,7508017555,video,0,
2026-07-27T22:50:17+00:00,2026-07-27,7508017555,video,0,
2026-07-27T22:51:23+00:00,2026-07-27,7508017555,video,0,
2026-07-27T22:53:39+00:00,2026-07-27,7508017555,video,1,7845818180
2026-07-27T22:54:42+00:00,2026-07-27,7508017555,video,0,
2026-07-27T22:55:45+00:00,2026-07-27,7508017555,video,0,
2026-07-27T22:56:39+00:00,2026-07-27,7508017555,video,0,
2026-07-27T22:59:27+00:00,2026-07-27,7508017555,video,1,8537175647
2026-07-27T22:59:57+00:00,2026-07-27,7508017555,video,0,
2026-07-27T23:05:30+00:00,2026-07-27,7508017555,video,1,7545589531
2026-07-27T23:06:02+00:00,2026-07-27,7508017555,video,0,
2026-07-27T23:07:10+00:00,2026-07-27,7508017555,video,0,
2026-07-27T23:08:15+00:00,2026-07-27,7508017555,video,0,
2026-07-27T23:09:22+00:00,2026-07-27,7508017555,video,0,
2026-07-27T23:10:12+00:00,2026-07-27,7508017555,video,0,
2026-07-27T23:14:26+00:00,2026-07-27,7508017555,video,1,7847453913
2026-07-27T23:15:32+00:00,2026-07-27,7508017555,video,0,
2026-07-27T23:16:36+00:00,2026-07-27,7508017555,video,0,
2026-07-28T10:32:42+00:00,2026-07-27,7374881586,video,0,
2026-07-28T10:37:59+00:00,2026-07-27,7374881586,video,0,
2026-07-28T11:08:22+00:00,2026-07-27,7374881586,video,0,
2026-07-28T11:09:24+00:00,2026-07-27,7374881586,video,0,
2026-07-28T11:11:55+00:00,2026-07-27,7374881586,other,0,
2026-07-28T11:13:05+00:00,2026-07-27,7374881586,video,0,
2026-07-28T12:15:59+00:00,2026-07-27,7545589531,video,1,7508017555
2026-07-28T12:17:12+00:00,2026-07-27,7545589531,video,0,
2026-07-28T15:27:28+00:00,2026-07-27,7845818180,video,0,
2026-07-28T16:55:44+00:00,2026-07-27,8537175647,text,1,7508017555
2026-07-28T17:02:54+00:00,2026-07-27,7508017555,text,1,7374881586
2026-07-28T17:05:14+00:00,2026-07-27,7508017555,video,1,7545589531
2026-07-28T17:05:37+00:00,2026-07-27,7508017555,video,0,
2026-07-28T17:29:21+00:00,2026-07-27,7334599398,voice,1,7508017555
2026-07-28T20:31:44+00:00,2026-07-27,7847453913,video,1,7508017555
2026-07-28T20:32:43+00:00,2026-07-27,7847453913,video,0,
2026-07-28T20:33:44+00:00,2026-07-27,7847453913,video,0,
2026-07-28T20:34:45+00:00,2026-07-27,7847453913,video,0,
2026-07-29T06:21:47+00:00,2026-07-27,7334599398,video,0,
2026-07-29T06:55:13+00:00,2026-07-27,8537175647,video,0,
2026-07-29T07:50:52+00:00,2026-07-27,8537175647,video,0,
2026-07-29T07:50:53+00:00,2026-07-27,8537175647,video,0,
2026-07-29T12:36:46+00:00,2026-07-27,7845818180,other,0,
2026-07-29T15:17:17+00:00,2026-07-27,7508017555,video,1,7847453913
2026-07-29T15:26:04+00:00,2026-07-27,7508017555,video,1,7374881586
2026-07-29T15:27:17+00:00,2026-07-27,7508017555,video,0,
2026-07-29T15:28:48+00:00,2026-07-27,7508017555,video,1,7847453913
2026-07-29T15:29:57+00:00,2026-07-27,7508017555,video,0,
2026-07-29T15:31:03+00:00,2026-07-27,7508017555,video,0,
2026-07-29T15:31:27+00:00,2026-07-27,7508017555,video,0,
2026-07-29T16:01:37+00:00,2026-07-27,7508017555,text,0,
2026-07-29T16:02:51+00:00,2026-07-27,7845818180,video,1,7508017555
2026-07-29T16:03:36+00:00,2026-07-27,7508017555,video,1,7847453913
2026-07-29T19:16:35+00:00,2026-07-27,7847453913,video,1,7845818180
2026-07-29T19:19:53+00:00,2026-07-27,7847453913,video,1,7374881586
2026-07-29T19:20:45+00:00,2026-07-27,7847453913,video,1,7845818180
2026-07-29T19:22:53+00:00,2026-07-27,7847453913,video,1,8537175647
2026-07-29T19:32:26+00:00,2026-07-27,7847453913,video,1,7508017555
2026-07-29T19:33:28+00:00,2026-07-27,7847453913,video,1,7508017555
2026-07-29T19:34:28+00:00,2026-07-27,7847453913,video,0,
2026-07-29T19:35:13+00:00,2026-07-27,7847453913,video,0,
2026-07-29T19:36:21+00:00,2026-07-27,7847453913,video,1,7508017555
2026-07-29T19:36:34+00:00,2026-07-27,7508017555,text,1,7847453913
2026-07-29T19:37:21+00:00,2026-07-27,7847453913,video,0,
2026-07-29T19:38:19+00:00,2026-07-27,7847453913,video,0,
2026-07-29T19:38:40+00:00,2026-07-27,7508017555,text,1,7847453913
2026-07-29T19:42:32+00:00,2026-07-27,7847453913,video,1,7374881586
2026-07-29T19:48:43+00:00,2026-07-27,7847453913,video,1,7334599398
2026-07-29T19:49:37+00:00,2026-07-27,7847453913,video,0,
2026-07-29T19:51:44+00:00,2026-07-27,7847453913,video,1,8537175647
2026-07-29T19:52:56+00:00,2026-07-27,7847453913,video,1,8700065503
2026-07-29T19:53:07+00:00,2026-07-27,8537175647,text,1,7847453913
2026-07-29T19:57:48+00:00,2026-07-27,7847453913,voice,1,8700065503
2026-07-29T20:00:29+00:00,2026-07-27,7847453913,video,1,7508017555
2026-07-29T20:01:40+00:00,2026-07-27,7847453913,video,1,7508017555
2026-07-29T20:01:55+00:00,2026-07-27,7847453913,video,0,
2026-07-29T20:03:40+00:00,2026-07-27,7847453913,video,1,7508017555
2026-07-29T20:05:35+00:00,2026-07-27,7847453913,video,1,7508017555
2026-07-29T20:06:38+00:00,2026-07-27,7847453913,video,0,
2026-07-29T20:07:26+00:00,2026-07-27,7847453913,video,0,
2026-07-29T20:26:16+00:00,2026-07-27,7508017555,text,1,7847453913
2026-07-29T20:29:39+00:00,2026-07-27,7508017555,video,1,7847453913
2026-07-29T20:30:14+00:00,2026-07-27,7508017555,video,0,
2026-07-29T20:33:31+00:00,2026-07-27,7508017555,text,0,
2026-07-29T20:35:17+00:00,2026-07-27,7508017555,text,0,
2026-07-29T20:56:33+00:00,2026-07-27,7845818180,text,1,7508017555
2026-07-29T20:57:39+00:00,2026-07-27,7334599398,text,1,7845818180
2026-07-29T20:58:36+00:00,2026-07-27,7508017555,text,0,
2026-07-29T21:04:37+00:00,2026-07-27,7845818180,text,1,7508017555
2026-07-29T22:38:28+00:00,2026-07-27,7847453913,other,0,
2026-07-29T23:30:18+00:00,2026-07-27,7374881586,video,0,
2026-07-29T23:31:33+00:00,2026-07-27,7374881586,video,0,
2026-07-30T03:38:52+00:00,2026-07-27,8151675510,voice,0,
2026-07-30T04:05:03+00:00,2026-07-27,8115641770,video,0,
2026-07-30T06:04:25+00:00,2026-07-27,7334599398,video,0,
2026-07-30T06:07:09+00:00,2026-07-27,7334599398,voice,1,7847453913
2026-07-30T06:17:51+00:00,2026-07-27,7334599398,video,1,8700065503
2026-07-30T06:24:07+00:00,2026-07-27,8537175647,video,0,
2026-07-30T14:49:46+00:00,2026-07-27,7845818180,video,0,
2026-07-30T18:53:07+00:00,2026-07-27,7334599398,video,1,8700065503
2026-07-31T06:31:12+00:00,2026-07-27,7334599398,video,0,
2026-07-31T12:57:51+00:00,2026-07-27,7845818180,video,1,8537175647
2026-07-31T12:59:00+00:00,2026-07-27,7845818180,video,1,8115641770
2026-07-31T13:00:45+00:00,2026-07-27,7845818180,video,1,8151675510
2026-07-31T13:01:14+00:00,2026-07-27,7845818180,other,0,
2026-07-31T18:35:58+00:00,2026-07-27,7545589531,video,0,
2026-07-31T18:39:34+00:00,2026-07-27,7545589531,video,0,
2026-07-31T18:41:04+00:00,2026-07-27,7545589531,video,0,
2026-07-31T19:02:18+00:00,2026-07-27,7545589531,video,0,
2026-07-31T19:03:13+00:00,2026-07-27,7545589531,video,0,
2026-07-31T19:06:13+00:00,2026-07-27,7545589531,video,0,
2026-07-31T19:08:18+00:00,2026-07-27,7545589531,video,0,
2026-07-31T19:24:48+00:00,2026-07-27,7847453913,video,1,7508017555
2026-07-31T19:25:18+00:00,2026-07-27,7847453913,video,0,
2026-07-31T19:28:02+00:00,2026-07-27,7847453913,video,1,7545589531
2026-07-31T19:37:40+00:00,2026-07-27,7545589531,voice,1,7847453913
2026-07-31T19:38:48+00:00,2026-07-27,7545589531,video,0,
2026-07-31T19:40:43+00:00,2026-07-27,7545589531,voice,1,7847453913
2026-07-31T21:06:08+00:00,2026-07-27,7847453913,video,1,7508017555
2026-07-31T21:08:07+00:00,2026-07-27,7847453913,video,1,7545589531
2026-07-31T21:09:08+00:00,2026-07-27,7847453913,video,0,
2026-07-31T21:10:09+00:00,2026-07-27,7847453913,video,0,
2026-07-31T23:23:48+00:00,2026-07-27,7374881586,video,0,
2026-07-31T23:36:01+00:00,2026-07-27,7545589531,voice,1,7847453913
2026-07-31T23:36:21+00:00,2026-07-27,7545589531,text,1,7847453913
2026-08-01T06:37:49+00:00,2026-07-27,1436002435,video,0,
2026-08-01T09:30:02+00:00,2026-07-27,8537175647,video,1,7845818180
2026-08-01T09:35:12+00:00,2026-07-27,8537175647,video,1,1436002435
2026-08-01T11:27:43+00:00,2026-07-27,7847453913,video,1,8151675510
2026-08-01T11:31:07+00:00,2026-07-27,7847453913,video,1,8537175647
2026-08-01T11:40:39+00:00,2026-07-27,7847453913,video,1,7545589531
2026-08-01T11:44:38+00:00,2026-07-27,7847453913,video,1,7374881586
2026-08-01T11:49:42+00:00,2026-07-27,7847453913,voice,1,7545589531
2026-08-01T11:52:41+00:00,2026-07-27,7847453913,voice,1,7334599398
2026-08-01T11:54:38+00:00,2026-07-27,7847453913,video,1,1436002435
2026-08-01T12:02:09+00:00,2026-07-27,7545589531,video,1,7847453913
2026-08-01T12:04:17+00:00,2026-07-27,7545589531,video,0,
2026-08-01T12:12:57+00:00,2026-07-27,7508017555,video,1,7334599398
2026-08-01T14:04:27+00:00,2026-07-27,7374881586,video,1,7847453913
2026-08-01T14:05:53+00:00,2026-07-27,7374881586,video,0,
2026-08-01T14:31:13+00:00,2026-07-27,8537175647,voice,1,7847453913
2026-08-01T15:20:27+00:00,2026-07-27,7845818180,video,0,
2026-08-01T17:36:39+00:00,2026-07-27,7508017555,other,0,
2026-08-01T17:38:36+00:00,2026-07-27,7508017555,video,1,7845818180
2026-08-01T18:51:51+00:00,2026-07-27,7334599398,video,0,
2026-08-01T18:53:18+00:00,2026-07-27,7334599398,voice,1,7847453913
2026-08-01T18:55:24+00:00,2026-07-27,7334599398,voice,0,
2026-08-01T18:56:41+00:00,2026-07-27,7334599398,voice,1,7845818180
2026-08-01T18:57:18+00:00,2026-07-27,7508017555,video,1,7847453913
2026-08-01T18:57:49+00:00,2026-07-27,7508017555,video,0,
2026-08-01T18:58:40+00:00,2026-07-27,7508017555,text,0,
2026-08-01T19:00:19+00:00,2026-07-27,7508017555,video,1,7847453913
2026-08-01T19:01:26+00:00,2026-07-27,7508017555,video,0,
2026-08-01T19:02:28+00:00,2026-07-27,7508017555,video,0,
2026-08-01T19:03:33+00:00,2026-07-27,7508017555,video,0,
2026-08-01T19:04:40+00:00,2026-07-27,7508017555,video,0,
2026-08-01T19:07:16+00:00,2026-07-27,7508017555,video,1,7334599398
2026-08-01T19:07:36+00:00,2026-07-27,7508017555,video,0,
2026-08-01T19:08:20+00:00,2026-07-27,7508017555,video,1,7334599398
2026-08-01T19:11:20+00:00,2026-07-27,7508017555,video,1,7545589531
2026-08-01T19:12:24+00:00,2026-07-27,7508017555,video,0,
2026-08-01T19:13:32+00:00,2026-07-27,7508017555,text,0,
2026-08-01T19:15:21+00:00,2026-07-27,7508017555,text,0,
2026-08-01T20:44:51+00:00,2026-07-27,7847453913,text,1,8537175647
2026-08-01T20:47:16+00:00,2026-07-27,7847453913,video,1,7334599398
2026-08-01T20:49:42+00:00,2026-07-27,7847453913,video,1,7508017555
2026-08-01T20:54:35+00:00,2026-07-27,7847453913,video,1,7508017555
2026-08-01T20:54:55+00:00,2026-07-27,7847453913,text,1,7508017555
2026-08-01T22:33:30+00:00,2026-07-27,7545589531,video,1,7508017555
2026-08-01T22:34:37+00:00,2026-07-27,7545589531,video,1,7508017555
2026-08-01T22:36:57+00:00,2026-07-27,7545589531,voice,1,7508017555
2026-08-01T23:46:45+00:00,2026-07-27,7508017555,video,1,7847453913
2026-08-02T01:47:59+00:00,2026-07-27,7508017555,video,0,
2026-08-02T01:54:49+00:00,2026-07-27,7545589531,text,1,7508017555
2026-08-02T01:59:45+00:00,2026-07-27,7508017555,video,1,7545589531
2026-08-02T04:41:40+00:00,2026-07-27,1436002435,video,1,8537175647
2026-08-02T04:58:05+00:00,2026-07-27,1436002435,video,1,7847453913
2026-08-02T07:36:54+00:00,2026-07-27,8151675510,video,0,
2026-08-02T11:10:12+00:00,2026-07-27,7334599398,video,0,
2026-08-02T11:11:16+00:00,2026-07-27,7334599398,voice,1,7508017555
2026-08-02T13:57:05+00:00,2026-07-27,7845818180,video,0,
2026-08-02T14:14:07+00:00,2026-07-27,8537175647,video,0,
2026-08-02T14:15:26+00:00,2026-07-27,8537175647,video,0,
2026-08-02T14:16:43+00:00,2026-07-27,7508017555,video,1,1436002435
2026-08-02T14:17:03+00:00,2026-07-27,8537175647,video,1,1436002435
2026-08-02T14:21:28+00:00,2026-07-27,8537175647,video,1,7508017555
2026-08-02T14:32:31+00:00,2026-07-27,8537175647,text,1,7508017555
2026-08-02T14:35:13+00:00,2026-07-27,7845818180,video,1,7334599398
2026-08-02T15:09:51+00:00,2026-07-27,8151675510,video,0,
2026-08-02T15:10:57+00:00,2026-07-27,8151675510,video,0,
2026-08-02T15:12:56+00:00,2026-07-27,8151675510,video,0,
2026-08-02T15:48:31+00:00,2026-07-27,7845818180,video,1,7508017555
2026-08-02T15:49:21+00:00,2026-07-27,7845818180,video,1,8537175647
2026-08-02T16:02:02+00:00,2026-07-27,8537175647,video,1,7845818180
2026-08-02T22:59:16+00:00,2026-07-27,7508017555,video,1,7545589531
2026-08-02T23:00:15+00:00,2026-07-27,7508017555,video,0,
2026-08-02T23:01:19+00:00,2026-07-27,7508017555,video,0,
2026-08-02T23:02:11+00:00,2026-07-27,7508017555,video,0,
2026-08-02T23:03:26+00:00,2026-07-27,7508017555,video,1,8537175647
2026-08-02T23:04:16+00:00,2026-07-27,7508017555,video,0,
2026-08-02T23:05:42+00:00,2026-07-27,7508017555,video,1,7845818180
2026-08-02T23:10:16+00:00,2026-07-27,7508017555,video,1,8537175647
2026-08-02T23:11:37+00:00,2026-07-27,7508017555,video,1,8151675510
2026-08-02T23:14:16+00:00,2026-07-27,7508017555,video,0,
2026-08-02T23:14:59+00:00,2026-07-27,7508017555,video,0,
2026-08-02T23:32:23+00:00,2026-07-27,7845818180,video,1,8537175647
2026-08-03T00:51:30+00:00,2026-08-03,7847453913,video,1,1436002435
2026-08-03T00:56:02+00:00,2026-08-03,7847453913,video,0,
2026-08-03T00:57:56+00:00,2026-08-03,7847453913,video,0,
2026-08-03T00:58:18+00:00,2026-08-03,7847453913,video,0,
2026-08-03T00:59:25+00:00,2026-08-03,7847453913,video,0,
2026-08-03T00:59:53+00:00,2026-08-03,7847453913,video,0,
2026-08-03T00:59:56+00:00,2026-08-03,7847453913,other,0,
2026-08-03T01:00:53+00:00,2026-08-03,7847453913,video,0,
2026-08-03T01:01:07+00:00,2026-08-03,7847453913,other,0,
2026-08-03T01:35:01+00:00,2026-08-03,8151675510,text,1,7847453913
2026-08-03T06:56:34+00:00,2026-08-03,1436002435,video,1,7508017555
2026-08-03T07:24:20+00:00,2026-08-03,7334599398,video,0,
2026-08-03T07:24:38+00:00,2026-08-03,7334599398,voice,1,8151675510
2026-08-03T08:14:49+00:00,2026-08-03,8537175647,video,1,7508017555
2026-08-03T08:15:22+00:00,2026-08-03,8537175647,text,1,7845818180
2026-08-03T08:17:24+00:00,2026-08-03,8537175647,voice,1,7508017555
2026-08-03T10:59:16+00:00,2026-08-03,1436002435,video,1,7847453913
2026-08-03T12:55:35+00:00,2026-08-03,7845818180,video,0,
2026-08-03T18:19:30+00:00,2026-08-03,1436002435,voice,1,7847453913
2026-08-03T18:35:39+00:00,2026-08-03,7334599398,text,1,1436002435
2026-08-03T18:59:23+00:00,2026-08-03,1436002435,voice,0,
2026-08-03T20:13:02+00:00,2026-08-03,7334599398,voice,0,
2026-08-03T21:19:33+00:00,2026-08-03,7847453913,other,0,
2026-08-03T21:20:02+00:00,2026-08-03,7847453913,other,0,
2026-08-03T22:03:31+00:00,2026-08-03,7845818180,video,1,8700065503
2026-08-03T22:04:16+00:00,2026-08-03,7845818180,video,0,
2026-08-03T22:48:35+00:00,2026-08-03,8151675510,video,1,7334599398
2026-08-03T22:48:51+00:00,2026-08-03,8151675510,video,0,
2026-08-03T22:49:31+00:00,2026-08-03,8151675510,video,0,
2026-08-04T07:11:58+00:00,2026-08-03,7334599398,video,0,
2026-08-04T07:27:44+00:00,2026-08-03,8537175647,text,1,7334599398
2026-08-04T07:29:50+00:00,2026-08-03,7334599398,text,1,8537175647
2026-08-04T16:11:49+00:00,2026-08-03,7545589531,video,0,
2026-08-04T16:13:31+00:00,2026-08-03,7334599398,voice,1,8151675510
2026-08-04T16:14:38+00:00,2026-08-03,7334599398,voice,1,7545589531
2026-08-04T16:15:20+00:00,2026-08-03,7508017555,video,1,7334599398
2026-08-04T16:16:12+00:00,2026-08-03,7545589531,voice,1,7334599398
2026-08-04T16:19:58+00:00,2026-08-03,7508017555,video,1,7847453913
2026-08-04T16:22:29+00:00,2026-08-03,7508017555,other,0,
2026-08-04T16:22:57+00:00,2026-08-03,7508017555,text,0,
2026-08-04T16:24:11+00:00,2026-08-03,7508017555,video,1,7545589531
2026-08-04T16:25:41+00:00,2026-08-03,8537175647,video,0,
2026-08-04T16:32:20+00:00,2026-08-03,7508017555,video,1,8537175647
2026-08-04T16:36:28+00:00,2026-08-03,8537175647,video,1,7508017555
2026-08-04T16:40:50+00:00,2026-08-03,7545589531,video,1,7508017555
2026-08-04T16:42:06+00:00,2026-08-03,7545589531,video,1,7508017555
2026-08-04T18:33:30+00:00,2026-08-03,7334599398,voice,1,7508017555
2026-08-04T18:35:37+00:00,2026-08-03,7334599398,voice,1,7545589531
2026-08-04T21:10:11+00:00,2026-08-03,7508017555,video,1,8537175647
2026-08-04T21:13:23+00:00,2026-08-03,7508017555,video,1,7545589531
2026-08-04T21:14:27+00:00,2026-08-03,7508017555,video,0,
2026-08-04T21:15:03+00:00,2026-08-03,7508017555,video,0,
2026-08-04T21:17:33+00:00,2026-08-03,7508017555,video,1,7545589531
2026-08-04T21:18:20+00:00,2026-08-03,7508017555,video,0,
2026-08-04T21:19:17+00:00,2026-08-03,8537175647,video,1,7508017555
2026-08-04T21:19:50+00:00,2026-08-03,7508017555,video,1,7334599398
2026-08-04T21:21:24+00:00,2026-08-03,7508017555,video,1,8537175647
2026-08-04T21:39:27+00:00,2026-08-03,8537175647,text,1,7508017555
2026-08-04T21:52:31+00:00,2026-08-03,7334599398,text,1,7508017555
2026-08-04T23:19:30+00:00,2026-08-03,7545589531,voice,1,7508017555
2026-08-04T23:26:01+00:00,2026-08-03,7545589531,video,1,7508017555
2026-08-04T23:34:53+00:00,2026-08-03,7545589531,video,1,7334599398
2026-08-04T23:38:44+00:00,2026-08-03,7545589531,voice,1,7334599398
2026-08-05T00:33:28+00:00,2026-08-03,7508017555,text,1,8537175647
2026-08-05T07:05:04+00:00,2026-08-03,7334599398,voice,1,7545589531
2026-08-05T07:07:51+00:00,2026-08-03,7334599398,voice,1,7545589531
2026-08-05T07:15:18+00:00,2026-08-03,7334599398,video,0,
2026-08-05T11:32:56+00:00,2026-08-03,7545589531,video,0,
2026-08-05T11:33:05+00:00,2026-08-03,7545589531,voice,1,7334599398
2026-08-05T11:34:21+00:00,2026-08-03,7545589531,video,1,7334599398
2026-08-05T13:04:27+00:00,2026-08-03,1436002435,video,1,7508017555
2026-08-05T13:20:15+00:00,2026-08-03,7845818180,video,0,
2026-08-05T13:30:16+00:00,2026-08-03,7845818180,video,0,
2026-08-05T13:31:30+00:00,2026-08-03,7508017555,video,1,7334599398
2026-08-05T13:31:43+00:00,2026-08-03,7508017555,video,0,
2026-08-05T13:44:36+00:00,2026-08-03,7508017555,video,1,1436002435
2026-08-05T13:47:51+00:00,2026-08-03,7508017555,video,1,7845818180
2026-08-05T13:54:00+00:00,2026-08-03,7845818180,video,1,7508017555
2026-08-05T13:54:06+00:00,2026-08-03,7508017555,text,1,1436002435
2026-08-05T14:54:43+00:00,2026-08-03,7845818180,video,1,7545589531
2026-08-05T14:58:13+00:00,2026-08-03,7845818180,video,1,7334599398
2026-08-05T16:30:59+00:00,2026-08-03,7508017555,voice,1,8700065503
2026-08-05T17:11:28+00:00,2026-08-03,7545589531,text,1,7845818180
2026-08-05T18:51:15+00:00,2026-08-03,7334599398,voice,1,7845818180
2026-08-05T18:54:08+00:00,2026-08-03,7334599398,voice,1,7508017555
2026-08-05T18:54:46+00:00,2026-08-03,7334599398,text,1,7545589531
2026-08-05T20:47:40+00:00,2026-08-03,1436002435,video,1,7508017555
2026-08-05T23:04:22+00:00,2026-08-03,7374881586,video,0,
2026-08-06T00:27:17+00:00,2026-08-03,7545589531,video,0,
2026-08-06T09:04:57+00:00,2026-08-03,8537175647,video,0,
2026-08-06T12:56:03+00:00,2026-08-03,7845818180,video,0,
2026-08-06T14:52:27+00:00,2026-08-03,7845818180,video,0,
2026-08-06T18:33:48+00:00,2026-08-03,7334599398,video,0,
2026-08-06T18:34:21+00:00,2026-08-03,7334599398,voice,1,7845818180
2026-08-06T21:10:24+00:00,2026-08-03,1436002435,video,1,7845818180
2026-08-06T21:13:50+00:00,2026-08-03,1436002435,voice,1,7334599398
2026-08-06T23:33:21+00:00,2026-08-03,7545589531,video,1,7845818180
2026-08-06T23:34:27+00:00,2026-08-03,7545589531,video,1,7334599398
2026-08-06T23:36:40+00:00,2026-08-03,7545589531,video,0,
2026-08-07T07:33:02+00:00,2026-08-03,8537175647,video,1,7545589531
2026-08-07T07:36:55+00:00,2026-08-03,8537175647,voice,1,8700065503
2026-08-07T13:37:16+00:00,2026-08-03,7845818180,video,0,
2026-08-07T13:38:03+00:00,2026-08-03,7845818180,video,0,
2026-08-07T16:34:31+00:00,2026-08-03,7845818180,video,1,1436002435
2026-08-07T16:35:10+00:00,2026-08-03,7845818180,video,1,8537175647
2026-08-07T16:36:25+00:00,2026-08-03,7845818180,video,1,7545589531
2026-08-07T16:36:59+00:00,2026-08-03,7845818180,video,1,7545589531
2026-08-07T16:38:31+00:00,2026-08-03,7845818180,video,1,7334599398
2026-08-07T16:39:31+00:00,2026-08-03,7845818180,video,1,7374881586
2026-08-07T16:40:45+00:00,2026-08-03,7845818180,video,1,8151675510
2026-08-07T16:50:03+00:00,2026-08-03,8537175647,video,1,7845818180
2026-08-07T16:52:17+00:00,2026-08-03,7845818180,video,1,8537175647
2026-08-07T16:55:28+00:00,2026-08-03,8537175647,text,1,7845818180
2026-08-07T20:30:33+00:00,2026-08-03,7545589531,video,1,8537175647
2026-08-07T20:32:05+00:00,2026-08-03,7545589531,video,1,8537175647
2026-08-07T20:34:42+00:00,2026-08-03,7545589531,video,1,8537175647
2026-08-07T20:37:06+00:00,2026-08-03,7545589531,video,1,8537175647
2026-08-07T20:38:42+00:00,2026-08-03,7545589531,video,0,
2026-08-07T20:41:42+00:00,2026-08-03,8537175647,text,1,7545589531
2026-08-07T21:06:13+00:00,2026-08-03,7545589531,video,1,7845818180
2026-08-08T18:50:58+00:00,2026-08-03,7334599398,video,0,
2026-08-08T18:53:01+00:00,2026-08-03,8537175647,voice,1,7334599398
2026-08-08T19:37:04+00:00,2026-08-03,7334599398,voice,0,
2026-08-08T19:38:56+00:00,2026-08-03,7334599398,voice,1,7845818180
2026-08-08T19:40:09+00:00,2026-08-03,7334599398,voice,1,7845818180
2026-08-08T19:42:09+00:00,2026-08-03,7334599398,voice,1,7545589531
2026-08-08T19:43:51+00:00,2026-08-03,8537175647,text,1,7334599398
2026-08-08T20:03:16+00:00,2026-08-03,7545589531,video,0,
2026-08-08T20:17:04+00:00,2026-08-03,7374881586,video,1,7845818180
2026-08-08T20:18:09+00:00,2026-08-03,7374881586,video,0,
2026-08-08T20:47:08+00:00,2026-08-03,1436002435,voice,1,7374881586
2026-08-09T09:41:12+00:00,2026-08-03,8537175647,video,0,
2026-08-09T09:41:45+00:00,2026-08-03,8537175647,video,0,
2026-08-09T09:50:53+00:00,2026-08-03,8537175647,video,0,
2026-08-09T10:45:15+00:00,2026-08-03,7545589531,video,1,8537175647
2026-08-09T10:46:23+00:00,2026-08-03,7545589531,video,0,
2026-08-09T12:20:40+00:00,2026-08-03,7508017555,video,1,8537175647
2026-08-09T12:23:46+00:00,2026-08-03,7508017555,video,1,7545589531
2026-08-09T12:46:16+00:00,2026-08-03,8537175647,video,1,7545589531
2026-08-09T12:49:01+00:00,2026-08-03,8537175647,video,1,7508017555
2026-08-09T13:48:28+00:00,2026-08-03,7545589531,video,1,7508017555
2026-08-09T13:49:36+00:00,2026-08-03,7545589531,video,1,8537175647
2026-08-09T16:16:33+00:00,2026-08-03,8537175647,voice,1,7545589531
2026-08-09T16:17:34+00:00,2026-08-03,8537175647,voice,1,7545589531
